{"directional":true,"interval":5,"kilometer":15.0,"name":"1","onewayTime":"约52分","route":"金河客运站-花明公交站","runtime":"6:00-23:59","type":"干线"}
{"directional":true,"interval":30,"kilometer":51.0,"name":"G95","onewayTime":"约50分","route":"合江客运站→环球中心","runtime":"6:30-7:00","type":"高峰线"}
{"directional":true,"interval":3,"kilometer":10.0,"name":"K1","onewayTime":"约20分","route":"火车西站公交站-动物园公交站","runtime":"6:30-22:30","type":"快速公交"}
{"directional":true,"interval":3,"kilometer":8.0,"name":"K2","onewayTime":"约17分","route":"火车西站公交站-金河南站公交站","runtime":"6:30-22:10","type":"快速公交"}
{"directional":true,"interval":3,"kilometer":8.0,"name":"K4","onewayTime":"约18分","route":"钟楼-环球中心","runtime":"6:15-21:50","type":"快速公交"}
{"directional":true,"interval":6,"kilometer":11.5,"name":"2","onewayTime":"约60分","route":"兴义镇-火车西站公交站","runtime":"5:50-23:00","type":"城乡线"}
{"directional":true,"interval":5,"kilometer":11.0,"name":"4","onewayTime":"约42分","route":"北路湾公交站-金河南站公交站","runtime":"6:00-23:59","type":"干线"}
{"directional":true,"interval":8,"kilometer":10.0,"name":"6","onewayTime":"约44分","route":"庆安公交站-鱼凫西路南","runtime":"6:30-21:30","type":"干线"}
{"directional":true,"interval":10,"kilometer":7.0,"name":"8","onewayTime":"约28分","route":"金河客运站-庆安小区","runtime":"6:40-22:00","type":"干线"}
{"directional":true,"interval":6,"kilometer":14.0,"name":"10","onewayTime":"约49分","route":"科北路-永丰公交站","runtime":"6:20-21:30","type":"干线"}
{"directional":true,"interval":8,"kilometer":12.0,"name":"15","onewayTime":"约44分","route":"北客站-桦林园","runtime":"6:20-22:00","type":"干线"}
{"directional":true,"interval":8,"kilometer":10.0,"name":"16","onewayTime":"约44分","route":"北客站-地铁金河大道东","runtime":"6:20-22:00","type":"驳接线"}
{"directional":true,"interval":6,"kilometer":17.0,"name":"17","onewayTime":"约65分","route":"高新新区公交站-金河南站公交站","runtime":"6:00-22:20","type":"干线"}
{"directional":true,"interval":10,"kilometer":9.0,"name":"25","onewayTime":"约38分","route":"高朋路首末站-植物园","runtime":"6:40-21:30","type":"干线"}
{"directional":true,"interval":8,"kilometer":12.0,"name":"30","onewayTime":"约49分","route":"燎原-北路湾公交站","runtime":"6:30-22:30","type":"干线"}
{"directional":true,"interval":8,"kilometer":8.5,"name":"43","onewayTime":"约37分","route":"金河旅游区-新兴工业园","runtime":"6:50-21:30","type":"干线"}
{"directional":true,"interval":8,"kilometer":16.0,"name":"47","onewayTime":"约61分","route":"北路湾公交站-永盛","runtime":"6:10-22:30","type":"城乡线"}
{"directional":true,"interval":6,"kilometer":10.0,"name":"53","onewayTime":"约40分","route":"庆安公交站-科北路","runtime":"6:40-23:00","type":"干线"}
{"directional":true,"interval":6,"kilometer":11.0,"name":"57","onewayTime":"约45分","route":"永丰公交站-机投公交站","runtime":"6:40-22:00","type":"干线"}
{"directional":true,"interval":8,"kilometer":11.0,"name":"64","onewayTime":"约48分","route":"桦林园-植物园","runtime":"6:40-22:30","type":"干线"}
{"directional":true,"interval":8,"kilometer":10.0,"name":"70","onewayTime":"约42分","route":"曾家坡公交站-动物园公交站","runtime":"6:40-21:00","type":"干线"}
{"directional":true,"interval":6,"kilometer":15.0,"name":"72","onewayTime":"约52分","route":"金河客运站-三里坪公交站","runtime":"6:30-22:30","type":"干线"}
{"directional":true,"interval":8,"kilometer":13.0,"name":"74","onewayTime":"约46分","route":"曾家坡公交站-海椒市","runtime":"6:30-22:30","type":"干线"}
{"directional":true,"interval":8,"kilometer":13.0,"name":"78","onewayTime":"约45分","route":"花明公交站-金融城","runtime":"6:00-22:00","type":"干线"}
{"directional":true,"interval":6,"kilometer":17.0,"name":"82","onewayTime":"约62分","route":"花明公交站-庆安公交站","runtime":"6:00-23:00","type":"干线"}
{"directional":true,"interval":8,"kilometer":9.0,"name":"83","onewayTime":"约32分","route":"金河市政府-钟楼","runtime":"6:30-21:30","type":"干线"}
{"directional":true,"interval":5,"kilometer":8.0,"name":"91","onewayTime":"约35分","route":"火车西站公交站-八里小区","runtime":"6:00-22:00","type":"干线"}
{"directional":true,"interval":6,"kilometer":9.0,"name":"99","onewayTime":"约32分","route":"环球中心-天华一路","runtime":"6:30-22:15","type":"干线"}
{"directional":false,"interval":5,"kilometer":14.0,"name":"101","onewayTime":"约60分","route":"金河市政府-金河市政府","runtime":"6:00-22:30","type":"干线"}
{"directional":false,"interval":5,"kilometer":14.0,"name":"102","onewayTime":"约60分","route":"金河市政府-金河市政府","runtime":"6:00-22:30","type":"干线"}
{"directional":true,"interval":8,"kilometer":18.0,"name":"106","onewayTime":"约57分","route":"永丰公交站-金河南站公交站","runtime":"6:10-22:30","type":"干线"}
{"directional":true,"interval":8,"kilometer":10.0,"name":"111","onewayTime":"约38分","route":"三里坪公交站-花明公交站","runtime":"6:30-22:30","type":"干线"}
{"directional":true,"interval":8,"kilometer":8.0,"name":"118","onewayTime":"约36分","route":"新南天地-东林小区","runtime":"6:30-21:30","type":"干线"}
{"directional":true,"interval":10,"kilometer":9.5,"name":"141","onewayTime":"约40分","route":"金河旅游区-动物园公交站","runtime":"6:30-22:00","type":"干线"}
{"directional":true,"interval":10,"kilometer":9.5,"name":"143","onewayTime":"约40分","route":"环球中心-地铁四河站","runtime":"6:30-22:00","type":"驳接线"}
{"directional":true,"interval":8,"kilometer":8.0,"name":"174","onewayTime":"约38分","route":"鱼凫西路南-机投公交站","runtime":"6:30-20:30","type":"干线"}
{"directional":true,"interval":10,"kilometer":5.0,"name":"187","onewayTime":"约12分","route":"施家沟-清河镇","runtime":"6:30-19:00","type":"城乡线"}
{"directional":true,"interval":8,"kilometer":6.0,"name":"198","onewayTime":"约18分","route":"银杏园公交站-万寿乡","runtime":"7:00-20:00","type":"城乡线"}
{"directional":true,"interval":8,"kilometer":7.0,"name":"198A","onewayTime":"约18分","route":"银杏园公交站→地铁七河路口","runtime":"6:10-22:40","type":"驳接线"}
{"directional":true,"interval":8,"kilometer":5.0,"name":"208","onewayTime":"约22分","route":"金河旅游区-东源路","runtime":"7:00-21:00","type":"支线"}
{"directional":false,"interval":8,"kilometer":6.5,"name":"210A","onewayTime":"约26分","route":"SM社区-SM社区","runtime":"6:30-21:20","type":"社区线"}
{"directional":false,"interval":8,"kilometer":7.0,"name":"210B","onewayTime":"约28分","route":"SM社区-SM社区","runtime":"6:00-22:00","type":"社区线"}
{"directional":true,"interval":8,"kilometer":6.0,"name":"211","onewayTime":"约23分","route":"机投公交站-癀后门","runtime":"6:30-20:30","type":"支线"}
{"directional":true,"interval":8,"kilometer":5.0,"name":"218","onewayTime":"约16分","route":"金河客运站-动物园公交站","runtime":"7:00-20:00","type":"支线"}
{"directional":true,"interval":8,"kilometer":5.0,"name":"229","onewayTime":"约22分","route":"鸿石社区-四医院","runtime":"6:30-20:00","type":"支线"}
{"directional":true,"interval":6,"kilometer":3.0,"name":"239","onewayTime":"约14分","route":"曾家坡公交站→文家场","runtime":"7:00-19:30","type":"城乡线"}
{"directional":true,"interval":6,"kilometer":6.0,"name":"243","onewayTime":"约24分","route":"燎原-地铁东井巷","runtime":"7:00-21:00","type":"驳接线"}
{"directional":true,"interval":6,"kilometer":5.7,"name":"257","onewayTime":"约20分","route":"环球中心-驿都路","runtime":"7:00-21:00","type":"支线"}
{"directional":true,"interval":6,"kilometer":4.7,"name":"258","onewayTime":"约20分","route":"环球中心-驿都路","runtime":"7:00-21:00","type":"支线"}
{"directional":true,"interval":8,"kilometer":8.0,"name":"261","onewayTime":"约34分","route":"曾家坡公交站→高朋路首末站","runtime":"6:30-20:30","type":"支线"}
{"directional":true,"interval":6,"kilometer":15.0,"name":"322","onewayTime":"约60分","route":"两河路-大同镇","runtime":"6:00-22:20","type":"城乡线"}
{"directional":true,"interval":8,"kilometer":17.0,"name":"334","onewayTime":"约65分","route":"金河旅游区-锦城西路","runtime":"6:00-22:30","type":"干线"}
{"directional":true,"interval":6,"kilometer":15.0,"name":"358","onewayTime":"约59分","route":"金河客运站-天河区公交站","runtime":"6:00-21:00","type":"干线"}
{"directional":true,"interval":12,"kilometer":10.0,"name":"523","onewayTime":"约40分","route":"万寿乡→永盛","runtime":"6:00-18:00","type":"城乡线"}
{"directional":true,"interval":6,"kilometer":5.0,"name":"537","onewayTime":"约13分","route":"科北路-高朋路首末站","runtime":"6:30-21:00","type":"支线"}
{"directional":true,"interval":8,"kilometer":15.0,"name":"716","onewayTime":"约63分","route":"金河客运站-鸿石社区","runtime":"6:30-21:30","type":"干线"}
{"directional":true,"interval":6,"kilometer":8.5,"name":"720","onewayTime":"约36分","route":"北客站-天河区公交站","runtime":"6:30-22:20","type":"干线"}
{"directional":true,"interval":8,"kilometer":17.0,"name":"727","onewayTime":"约75分","route":"科北路-帀家店","runtime":"6:40-22:00","type":"干线"}
{"directional":true,"interval":6,"kilometer":14.5,"name":"727A","onewayTime":"约19分","route":"科北路→天河区公交站","runtime":"7:00-19:30","type":"干线"}
{"directional":true,"interval":6,"kilometer":22.5,"name":"735","onewayTime":"约86分","route":"火车西站公交站-天河区公交站","runtime":"6:20-21:30","type":"干线"}
{"directional":true,"interval":6,"kilometer":22.5,"name":"736","onewayTime":"约90分","route":"三里坪公交站-天河区公交站","runtime":"6:30-21:30","type":"干线"}
{"directional":true,"interval":20,"kilometer":46.5,"name":"752","onewayTime":"约60分","route":"合江客运站→地铁钟楼站","runtime":"5:50-21:00","type":"驳接线"}
{"directional":true,"interval":20,"kilometer":47.0,"name":"759","onewayTime":"约56分","route":"合江客运站-金河客运站","runtime":"5:30-21:40","type":"城乡线"}
{"directional":true,"interval":5,"kilometer":18.5,"name":"G22","onewayTime":"约26分","route":"金河客运站→锦城西路","runtime":"7:00-8:00","type":"高峰线"}
{"directional":true,"interval":20,"kilometer":7.0,"name":"G27","onewayTime":"约10分","route":"燎原→环球中心","runtime":"7:30-7:50","type":"高峰线"}
{"directional":true,"interval":20,"kilometer":5.0,"name":"G28","onewayTime":"约10分","route":"金河客运站→新兴工业园","runtime":"7:00-7:40","type":"高峰线"}
{"directional":true,"interval":5,"kilometer":15.0,"name":"G33","onewayTime":"约25分","route":"花明公交站-高新新区公交站","runtime":"7:30-9:00\\17:00-18:30","type":"高峰线"}
{"directional":true,"interval":5,"kilometer":11.0,"name":"G35","onewayTime":"约18分","route":"永丰公交站→锦城西路","runtime":"7:20-8:00","type":"高峰线"}
{"directional":true,"interval":5,"kilometer":6.0,"name":"G37","onewayTime":"约12分","route":"金河客运站-金河市政府","runtime":"7:30-8:30\\17:30-18:30","type":"高峰线"}
{"directional":true,"interval":5,"kilometer":9.0,"name":"G38","onewayTime":"约15分","route":"金河客运站-普光公交站","runtime":"6:45-21:30","type":"高峰线"}
{"directional":false,"interval":5,"kilometer":14.0,"name":"G41","onewayTime":"约52分","route":"曾家坡公交站-市政府-曾家坡公交站","runtime":"7:30-8:30","type":"高峰线"}
{"directional":false,"interval":5,"kilometer":7.0,"name":"G60","onewayTime":"约30分","route":"和盛苑-和盛苑","runtime":"7:00-8:00\\17:30-18:40","type":"高峰线"}
{"directional":false,"interval":10,"kilometer":17.0,"name":"G61","onewayTime":"约26分","route":"和盛苑→锦城西路","runtime":"7:20-7:40","type":"高峰线"}
{"directional":false,"interval":5,"kilometer":10.5,"name":"G62","onewayTime":"约12分","route":"地铁东井巷-市政府-地铁东井巷","runtime":"8:00-9:00\\17:30-18:30","type":"高峰线"}
{"directional":true,"interval":15,"kilometer":14.5,"name":"G63","onewayTime":"约24分","route":"北路湾公交站→锦城西路","runtime":"7:30-8:00","type":"高峰线"}
{"directional":false,"interval":5,"kilometer":17.0,"name":"G69","onewayTime":"约25分","route":"东林小区→高新软件园公交站","runtime":"7:30-7:40","type":"高峰线"}
{"directional":true,"interval":40,"kilometer":40.0,"name":"G90","onewayTime":"约55分","route":"天河区公交站→高新新区公交站","runtime":"7:00-8:20","type":"高峰线"}
{"directional":true,"interval":10,"kilometer":22.0,"name":"G91","onewayTime":"约30分","route":"永盛-金河南站公交站","runtime":"7:00-21:35","type":"高峰线"}
{"directional":true,"interval":3,"kilometer":16.0,"name":"K5","onewayTime":"约40分","route":"金河南站公交站-高新新区公交站","runtime":"6:30-23:00","type":"快速公交"}
{"directional":true,"interval":3,"kilometer":15.0,"name":"K6","onewayTime":"约35分","route":"金河南站公交站-高新软件园公交站","runtime":"6:20-22:30","type":"快速公交"}
{"directional":true,"interval":3,"kilometer":7.0,"name":"K9","onewayTime":"约24分","route":"钟楼→中海国际","runtime":"6:00-22:50","type":"快速公交"}
{"directional":true,"interval":3,"kilometer":9.0,"name":"K11","onewayTime":"约18分","route":"植物园-花明公交站","runtime":"6:00-22:30","type":"快速公交"}
{"directional":true,"interval":10,"kilometer":11.0,"name":"N4","onewayTime":"约30分","route":"金河南站公交站-火车西站公交站","runtime":"23:30-5:30","type":"夜班线"}
{"directional":false,"interval":10,"kilometer":8.0,"name":"N8","onewayTime":"约30分","route":"八里小区-八里小区","runtime":"22:30-1:00","type":"夜班线"}
{"directional":false,"interval":10,"kilometer":8.0,"name":"N10","onewayTime":"约24分","route":"东林小区-东林小区","runtime":"22:30-1:00","type":"夜班线"}
{"directional":true,"interval":10,"kilometer":12.5,"name":"N11","onewayTime":"约26分","route":"金河客运站-火车西站公交站","runtime":"23:30-5:30","type":"夜班线"}
{"directional":true,"interval":10,"kilometer":12.5,"name":"N12","onewayTime":"约28分","route":"金河客运站-火车西站公交站","runtime":"23:10-5:50","type":"夜班线"}
{"directional":true,"interval":10,"kilometer":9.0,"name":"N19","onewayTime":"约20分","route":"动物园公交站-鱼凫西路南","runtime":"23:00-5:45","type":"夜班线"}
{"directional":true,"interval":10,"kilometer":11.5,"name":"N20","onewayTime":"约26分","route":"北路湾公交站-北客站","runtime":"23:00-5:30","type":"夜班线"}
{"directional":true,"interval":10,"kilometer":9.0,"name":"N22","onewayTime":"约16分","route":"科北路-北路湾公交站","runtime":"23:00-5:30","type":"夜班线"}
{"directional":true,"interval":10,"kilometer":12.0,"name":"N25","onewayTime":"约30分","route":"高朋路首末站-地铁四河站","runtime":"23:00-5:30","type":"夜班线"}
{"directional":true,"interval":10,"kilometer":17.0,"name":"N26","onewayTime":"约35分","route":"金河南站公交站-高新软件园公交站","runtime":"23:30-5:20","type":"夜班线"}
{"directional":true,"interval":10,"kilometer":14.0,"name":"N31","onewayTime":"约34分","route":"天河区公交站-科北路","runtime":"22:40-5:30","type":"夜班线"}
