{"english":"YongTongLu","id":"41394","name":"永通路"}
{"english":"JinHeKeYun","id":"21542","name":"金河客运站(终点站)"}
{"english":"JinHeKeYun","id":"21541","name":"金河客运站(终点站)"}
{"english":"JinHeKeYun","id":"21540","name":"金河客运站(终点站)"}
{"english":"HaiJiaoShi","id":"25909","name":"海椒市(始发站)"}
{"english":"HaiJiaoShi","id":"25908","name":"海椒市(终点站)"}
{"english":"XinNanTianDi","id":"98048","name":"新南天地"}
{"english":"XinNanTianDi","id":"98049","name":"新南天地(始发站)"}
{"english":"QianMen","id":"46609","name":"前门"}
{"english":"TianFuJiaYuan","id":"20218","name":"天府家园"}
{"english":"FXDD Two N","id":"45999","name":"凤溪大道二段北"}
{"english":"TianFuJiaYuan","id":"20217","name":"天府家园"}
{"english":"ZhiWuYuan","id":"60903","name":"植物园(终点站)"}
{"english":"SM Community","id":"3639","name":"SM社区(始发站)"}
{"english":"Tree Road","id":"2788","name":"大树街"}
{"english":"WenHuaLu E","id":"55566","name":"文化路东"}
{"english":"WenHuaLu E","id":"55565","name":"文化路东"}
{"english":"YangAnLu M","id":"55329","name":"羊安路中"}
{"english":"YangAnLu M","id":"55328","name":"羊安路中"}
{"english":"WuXingLu W","id":"17288","name":"武兴路西"}
{"english":"YongTongLu","id":"41392","name":"永通路"}
{"english":"Bai Hua Lu E","id":"6901","name":"百花路东"}
{"english":"YiZhouDD Five","id":"64272","name":"益州大道五段"}
{"english":"YiZhouDD Five","id":"64271","name":"益州大道五段"}
{"english":"HuaiJinDaDao W","id":"23735","name":"淮金大道西"}
{"english":"XingWuLuKou","id":"20224","name":"星空大道武科路口"}
{"english":"XingWuLuKou","id":"20223","name":"星空大道武科路口"}
{"english":"WuXingLu W","id":"17295","name":"武兴路西"}
{"english":"HaiJiaoShi E","id":"25919","name":"海椒市东"}
{"english":"ZhiWuYuan","id":"60914","name":"植物园(终点站)"}
{"english":"HuaiJinDaDao W","id":"23734","name":"淮金大道西"}
{"english":"HaiXiaXinCheng","id":"54004","name":"海峡新城"}
{"english":"DongZiMen","id":"56421","name":"东子门"}
{"english":"HaiXiaXinCheng","id":"54003","name":"海峡新城"}
{"english":"DongZiMen","id":"56422","name":"东子门"}
{"english":"Jin He Park","id":"803","name":"金河公园"}
{"english":"Guo Cun","id":"3647","name":"郭村"}
{"english":"FXDD Two S","id":"45974","name":"凤溪大道二段南"}
{"english":"FXDD Two S","id":"45973","name":"凤溪大道二段南"}
{"english":"Hua Tu","id":"3660","name":"花土"}
{"english":"Jin He Lv You Qu","id":"4991","name":"金河旅游区(终点站)"}
{"english":"Hua Tu","id":"3662","name":"花土"}
{"english":"HeShengYuan","id":"56670","name":"和盛苑(始发站)"}
{"english":"HeShengYuan","id":"56671","name":"和盛苑(终点站)"}
{"english":"ZhiWuYuan","id":"60933","name":"植物园(始发站)"}
{"english":"ZhiWuYuan","id":"60932","name":"植物园(始发站)"}
{"english":"YangAnLu E","id":"55342","name":"羊安路东"}
{"english":"YangAnLu E","id":"55341","name":"羊安路东"}
{"english":"XiYuanDD FourE","id":"54017","name":"西源大道四段东"}
{"english":"Jin He Park","id":"811","name":"金河公园"}
{"english":"Avenue One","id":"3654","name":"金河大道一段"}
{"english":"Jin He Lv You Qu","id":"4985","name":"金河旅游区(始发站)"}
{"english":"XiYuanDD FourE","id":"54018","name":"西源大道四段东"}
{"english":"Jin He Lv You Qu","id":"4989","name":"金河旅游区"}
{"english":"JinHeKeYun","id":"818","name":"金河客运站(下客点)"}
{"english":"BaiSiJie","id":"23713","name":"白丝街"}
{"english":"ShaXiXianKou","id":"45720","name":"沙西线口"}
{"english":"DT HuiNan","id":"64064","name":"地铁惠南"}
{"english":"DongShaXiang","id":"45961","name":"东沙巷"}
{"english":"DongShaXiang","id":"45960","name":"东沙巷"}
{"english":"JinHeKeYun","id":"21539","name":"金河客运站(终点站)"}
{"english":"JinHeKeYun","id":"21538","name":"金河客运站(终点站)"}
{"english":"ShuangShuiCun","id":"20206","name":"双水村"}
{"english":"JinHeKeYun","id":"21537","name":"金河客运站(终点站)"}
{"english":"ShuangShuiCun","id":"20205","name":"双水村"}
{"english":"JinHeKeYun","id":"21535","name":"金河客运站(终点站)"}
{"english":"BaiSiJie","id":"23712","name":"白丝街"}
{"english":"DT MoErBaiHuo","id":"56445","name":"地铁摩尔百货"}
{"english":"DongJiaoJiYi S","id":"54024","name":"东郊记忆南"}
{"english":"XinTongDD Two W","id":"59713","name":"新通大道二段西"}
{"english":"XinNanTianDi","id":"98050","name":"新南天地(终点站)"}
{"english":"DongJiaoJiYi S","id":"54023","name":"东郊记忆南"}
{"english":"DT MoErBaiHuo","id":"56446","name":"地铁摩尔百货"}
{"english":"XinTongDD Two W","id":"59712","name":"新通大道二段西"}
{"english":"YangMa","id":"55353","name":"羊马"}
{"english":"YangMa","id":"55352","name":"羊马"}
{"english":"JinHeKeYun","id":"821","name":"金河客运站(终点站)"}
{"english":"JinHeKeYun","id":"822","name":"金河客运站(终点站)"}
{"english":"Xing He Yuan","id":"4997","name":"兴和苑"}
{"english":"Xing He Yuan","id":"4998","name":"兴和苑"}
{"english":"DT HuiNan","id":"64063","name":"地铁惠南"}
{"english":"KeHuaLu E","id":"21982","name":"科华路东"}
{"english":"YinYingYuan","id":"45953","name":"银杏园"}
{"english":"ShaXiXianKou","id":"45719","name":"沙西线口"}
{"english":"XinShan Market","id":"28139","name":"新山农贸市场"}
{"english":"Shamaojie W","id":"21989","name":"纱帽街西"}
{"english":"ShuangXingLu W","id":"26197","name":"双星路西"}
{"english":"Willow River N","id":"2104","name":"杨柳河北"}
{"english":"ShuangXingLu W","id":"26198","name":"双星路西"}
{"english":"YouJiaDu","id":"55369","name":"游家渡"}
{"english":"DongJiaoJiYi N","id":"54038","name":"东郊记忆北"}
{"english":"DongJiaoJiYi N","id":"54037","name":"东郊记忆北"}
{"english":"Willow River N","id":"6944","name":"杨柳河北"}
{"english":"BaLiXiaoQu","id":"26192","name":"八里小区(终点站)"}
{"english":"JiJiuLu E","id":"27280","name":"机九路东"}
{"english":"Shiyouyuan","id":"15075","name":"石油苑"}
{"english":"Shiyouyuan","id":"15074","name":"石油苑"}
{"english":"NanHuaDaDao N","id":"41580","name":"南华大道北"}
{"english":"Jin He Lv You Qu","id":"6962","name":"金河旅游区(终点站)"}
{"english":"Willow River S","id":"2121","name":"杨柳河南"}
{"english":"YinYingYuan","id":"45945","name":"银杏园(始发站)"}
{"english":"Shamaojie M","id":"21999","name":"纱帽街中"}
{"english":"YinYingYuan","id":"45944","name":"银杏园(始发站)"}
{"english":"Shamaojie M","id":"21998","name":"纱帽街中"}
{"english":"YouJiaDu","id":"55370","name":"游家渡"}
{"english":"YongJiangLu","id":"6719","name":"涌江路"}
{"english":"Huo Che Zhan","id":"27297","name":"火车西站公交站(始发站)"}
{"english":"HePingLuKou","id":"98072","name":"和平路口"}
{"english":"Hua Yuan Lu","id":"28144","name":"花园路"}
{"english":"Huo Che Zhan","id":"27295","name":"火车西站公交站(终点站)"}
{"english":"GaoXinDD Two","id":"58642","name":"高新大道二段"}
{"english":"JinRongCheng","id":"58400","name":"金融城"}
{"english":"HePingLuKou","id":"98071","name":"和平路口"}
{"english":"JinRongCheng","id":"58401","name":"金融城"}
{"english":"GaoXinDD Two","id":"58643","name":"高新大道二段"}
{"english":"XinShan Market","id":"28140","name":"新山农贸市场"}
{"english":"Jin He Lv You Qu","id":"6956","name":"金河旅游区(始发站)"}
{"english":"YinYingYuan","id":"45931","name":"银杏园(终点站)"}
{"english":"TaiAnLu","id":"15288","name":"泰安路"}
{"english":"Shuangfenglu ","id":"16134","name":"双丰路"}
{"english":"TaiAnLu","id":"15287","name":"泰安路"}
{"english":"Shuangfenglu","id":"16133","name":"双丰路"}
{"english":"DT YiShuGuan","id":"59980","name":"地铁艺术馆"}
{"english":"NanHuaDaDao N","id":"41579","name":"南华大道北"}
{"english":"JiJiuLu W","id":"27269","name":"机九路西"}
{"english":"HePanLu S","id":"20879","name":"河畔路南"}
{"english":"DT YiShuGuan","id":"59981","name":"地铁艺术馆"}
{"english":"HePanLu S","id":"20878","name":"河畔路南"}
{"english":"HaiXiaKeJiYuan","id":"54053","name":"海峡科技园"}
{"english":"ZhengNanLu","id":"55141","name":"正南路"}
{"english":"XiYuanDD FiveW","id":"54052","name":"西源大道五段西"}
{"english":"GaoTanCui","id":"55382","name":"高滩村"}
{"english":"ZhongXiangJie N","id":"21965","name":"忠祥街北"}
{"english":"XiYuanDD FiveW","id":"54051","name":"西源大道五段西"}
{"english":"GaoTanCui","id":"55381","name":"高滩村"}
{"english":"ZhongXiangJie N","id":"21964","name":"忠祥街北"}
{"english":"YinYingYuan","id":"45935","name":"银杏园(终点站)"}
{"english":"Willow River S","id":"2128","name":"杨柳河南"}
{"english":"JinChengXiLu","id":"62905","name":"锦城西路(终点站)"}
{"english":"JinChengXiLu","id":"62906","name":"锦城西路(终点站)"}
{"english":"HaiXiaKeJiYuan","id":"54054","name":"海峡科技园"}
{"english":"Tong Hui Men","id":"6966","name":"通惠门"}
{"english":"Tong Hui Men","id":"6965","name":"通惠门"}
{"english":"GXRuanJianYuan","id":"59508","name":"高新软件园(终点站)"}
{"english":"GXRuanJianYuan","id":"59507","name":"高新软件园(终点站)"}
{"english":"GXRuanJianYuan","id":"59509","name":"高新软件园(始发站)"}
{"english":"HeJiangKeYun","id":"114518","name":"合江客运(始发站)"}
{"english":"ZhongXiangJie S","id":"21974","name":"忠祥街南"}
{"english":"Global Center","id":"114519","name":"环球中心(始发站)"}
{"english":"Bookshop","id":"16147","name":"新华书店"}
{"english":"Willow River N","id":"2141","name":"杨柳河北"}
{"english":"HuaDuDD N","id":"56484","name":"花都大道北"}
{"english":"LongLiLu","id":"55395","name":"龙里路"}
{"english":"ShuangLinLu E","id":"55152","name":"双林路东"}
{"english":"LongLiLu","id":"55394","name":"龙里路"}
{"english":"ShuangLinLu E","id":"55151","name":"双林路东"}
{"english":"GaoPengLuKou","id":"61828","name":"高朋路口"}
{"english":"HuaDuDD N","id":"56485","name":"花都大道北"}
{"english":"XiaoHeJie","id":"28125","name":"小河街"}
{"english":"GaoPengLuKou","id":"61829","name":"高朋路口"}
{"english":"XiaoHeJie","id":"28126","name":"小河街"}
{"english":"Shuangqiaozi N","id":"2134","name":"双桥子立交北"}
{"english":"JiJiuLu E","id":"27277","name":"机九路东"}
{"english":"LuDaoLu","id":"5403","name":"鹭岛路"}
{"english":"Bookshop","id":"16148","name":"新华书店"}
{"english":"BaiHeLin","id":"100125","name":"白鹤林"}
{"english":"JiJiuLu W","id":"27270","name":"机九路西"}
{"english":"TianShunLu N","id":"59519","name":"天顺路北"}
{"english":"BaiHeLin","id":"100126","name":"白鹤林"}
{"english":"FXDD Three N","id":"46206","name":"凤溪大道三段北"}
{"english":"JinHeErZhong","id":"100180","name":"金河二中"}
{"english":"FXDD Three N","id":"46207","name":"凤溪大道三段北"}
{"english":"YuFuXiLu S","id":"62250","name":"鱼凫西路南"}
{"english":"HuangShui","id":"46204","name":"湟水"}
{"english":"HuangShui","id":"46205","name":"湟水"}
{"english":"HeJiaXiang","id":"27927","name":"何家巷"}
{"english":"YingPoCun","id":"46202","name":"迎坡村"}
{"english":"YongFeng GJZ","id":"56809","name":"永丰公交站(始发站)"}
{"english":"XiDaLiJiao W","id":"62011","name":"西达立交西"}
{"english":"YingPoCun","id":"46203","name":"迎坡村"}
{"english":"GXDD NanQiang","id":"64675","name":"高新大道南墙"}
{"english":"PuGuangKuaiTie","id":"103211","name":"普光快铁"}
{"english":"XinYue","id":"97596","name":"新悦"}
{"english":"GXDD NanQiang","id":"64677","name":"高新大道南墙"}
{"english":"BeiLuWan GJZ","id":"62259","name":"北路湾公交站(始发站)"}
{"english":"XinYue","id":"97598","name":"新悦"}
{"english":"QingYinDD Kou","id":"114349","name":"磬音大道口"}
{"english":"ShiQiZhong","id":"59085","name":"十七中"}
{"english":"HeJiaXiang","id":"27925","name":"何家巷"}
{"english":"ShiQiZhong","id":"59084","name":"十七中"}
{"english":"QingYinDD Kou","id":"114350","name":"磬音大道口"}
{"english":"YongFeng GJZ","id":"56810","name":"永丰公交站(始发站)"}
{"english":"HCZ W Square","id":"52690","name":"火车西站西广场"}
{"english":"YongFeng GJZ","id":"56811","name":"永丰公交站(始发站)"}
{"english":"HCZ W Square","id":"52691","name":"火车西站西广场"}
{"english":"ShaXiXian Two","id":"45592","name":"沙西线二段"}
{"english":"LiYuanLu W","id":"46682","name":"梨园路西"}
{"english":"HuaXiDD Three","id":"103203","name":"花溪大道三段"}
{"english":"DaTongZhen","id":"5413","name":"大同镇(始发站)"}
{"english":"DaTongZhen","id":"5414","name":"大同镇(终点站)"}
{"english":"SLDD Three","id":"52698","name":"蜀龙大道三段"}
{"english":"JinHeErZhong","id":"100179","name":"金河二中"}
{"english":"LiYuanLu W","id":"46681","name":"梨园路西"}
{"english":"YongFeng GJZ","id":"56819","name":"永丰公交站(终点站)"}
{"english":"SLDD Three","id":"52699","name":"蜀龙大道三段"}
{"english":"YongFeng GJZ","id":"56812","name":"永丰公交站(始发站)"}
{"english":"TianHe GJZ","id":"55729","name":"天河公交站(终点站)"}
{"english":"JinHeDaDao S","id":"22008","name":"金河大道南"}
{"english":"TianHuaYiLu","id":"60081","name":"天华一路(终点站)"}
{"english":"HuiZhanZhongXin","id":"59094","name":"会展中心"}
{"english":"HuaLinYuan","id":"46435","name":"桦林园"}
{"english":"HongYunHuaYuan","id":"26608","name":"鸿运花园"}
{"english":"HuaLinYuan","id":"46436","name":"桦林园"}
{"english":"XiDaLiJiao N","id":"62023","name":"西达立交北"}
{"english":"XiDaLiJiao N","id":"62024","name":"西达立交北"}
{"english":"GaoXinQiang","id":"63114","name":"高新墙"}
{"english":"GaoXinQiang","id":"63115","name":"高新墙"}
{"english":"JinMenXiaoXue","id":"97586","name":"金门小学"}
{"english":"XiBoCheng E","id":"64689","name":"西博城东侧"}
{"english":"LanGuanCun","id":"98675","name":"兰关村"}
{"english":"JinXin","id":"25993","name":"锦欣"}
{"english":"YongSheng","id":"98677","name":"永盛(终点站)"}
{"english":"JinMenXiaoXue","id":"97587","name":"金门小学"}
{"english":"LanGuanCun","id":"98676","name":"兰关村"}
{"english":"PeiFengLu S","id":"25998","name":"培风路南"}
{"english":"PeiFengLu S","id":"25997","name":"培风路南"}
{"english":"HongYunHuaYuan","id":"26602","name":"鸿运花园"}
{"english":"HuiZhanZhongXin","id":"59095","name":"会展中心"}
{"english":"JinHeDaDao S","id":"22007","name":"金河大道南"}
{"english":"YongFeng GJZ","id":"56820","name":"永丰公交站(终点站)"}
{"english":"YongFeng GJZ","id":"56821","name":"永丰公交站(终点站)"}
{"english":"YongSheng GJZ","id":"56822","name":"永丰公交站(终点站)"}
{"english":"XiangHeSheQu","id":"53796","name":"祥和社区"}
{"english":"QingHeLu","id":"23570","name":"清河路"}
{"english":"JinXin","id":"25992","name":"锦欣"}
{"english":"XiangHeSheQu","id":"53795","name":"祥和社区"}
{"english":"JK Avenue W","id":"14621","name":"JK大道西"}
{"english":"Huo Che Zhan","id":"6997","name":"火车西站公交站(终点站)"}
{"english":"TianHuiZhen","id":"61178","name":"天回镇"}
{"english":"XiangYangHuaYuan","id":"53317","name":"向阳花园"}
{"english":"Huo Che Zhan","id":"6996","name":"火车西站公交站(始发站)"}
{"english":"JK Avenue W","id":"14622","name":"JK大道西"}
{"english":"Health Center","id":"5425","name":"大同镇卫生院"}
{"english":"Huo Che Zhan","id":"6999","name":"火车西站公交站(下客点)"}
{"english":"TianHuaYiLu","id":"60087","name":"天华一路(始发站)"}
{"english":"TianHuiZhen","id":"61175","name":"天回镇"}
{"english":"WanShouXiang","id":"37966","name":"万寿乡"}
{"english":"XiangYangHuaYuan","id":"53318","name":"向阳花园"}
{"english":"XiNanJiaoDa","id":"25729","name":"西南交大"}
{"english":"LianHeXiaoQu","id":"99559","name":"联合小区"}
{"english":"LiangHeLu","id":"45332","name":"两河路(终点站)"}
{"english":"LiangHeLu","id":"45331","name":"两河路(始发站)"}
{"english":"Medical College","id":"18198","name":"医学院"}
{"english":"ShuiChangLuKou","id":"100163","name":"水厂路口"}
{"english":"ShuiChangLuKou","id":"100164","name":"水厂路口"}
{"english":"XiDaLiJiao W","id":"63125","name":"西达立交西"}
{"english":"XiongMaoLiJiao S","id":"100165","name":"熊猫立交南"}
{"english":"XiDaLiJiao W","id":"63126","name":"西达立交西"}
{"english":"PeiFengLu M","id":"25960","name":"培风路中"}
{"english":"QingAnXiaoQu","id":"99796","name":"庆安小区(始发站)"}
{"english":"JiaoDaHuaYuan","id":"25720","name":"交大花园"}
{"english":"WanDaGuangChang","id":"23788","name":"万达广场"}
{"english":"QingAnXiaoQu","id":"99794","name":"庆安小区(终点站)"}
{"english":"WanShouXiang","id":"37959","name":"万寿乡(终点站)"}
{"english":"HeJiangKeYun","id":"106932","name":"合江客运(始发站)"}
{"english":"Middle School","id":"5436","name":"第一中学"}
{"english":"XiLaiZhen","id":"101488","name":"西来镇"}
{"english":"Middle School","id":"5437","name":"第一中学"}
{"english":"XiLaiZhen","id":"101489","name":"西来镇"}
{"english":"XiShaQiang","id":"55507","name":"西沙巷"}
{"english":"JinHeKeYun","id":"21379","name":"金河客运站(终点站)"}
{"english":"XiongMaoLiJiao S","id":"100170","name":"熊猫立交南"}
{"english":"QingPoShiChang","id":"63135","name":"青坡市场"}
{"english":"LiYuanLu M","id":"46651","name":"梨园路中"}
{"english":"QingPoShiChang","id":"63136","name":"青坡市场"}
{"english":"QingPoShiChang","id":"62049","name":"青坡市场"}
{"english":"WanDaGuangChang","id":"23794","name":"万达广场"}
{"english":"FengXiDDHeQiao","id":"24645","name":"凤溪大道和桥"}
{"english":"XiNanJiaoDa","id":"25734","name":"西南交大"}
{"english":"FengXiDDHeQiao","id":"24646","name":"凤溪大道和桥"}
{"english":"HuaCaoYuan","id":"55517","name":"花草苑"}
{"english":"HuaCaoYuan","id":"55516","name":"花草苑"}
{"english":"Wan An Lu","id":"5204","name":"万安路"}
{"english":"LiYuanLu M","id":"46650","name":"梨园路中"}
{"english":"QiXingDD E","id":"55999","name":"七星大道东"}
{"english":"ErLangXiang","id":"37941","name":"二郎乡"}
{"english":"QiXingDD E","id":"55998","name":"七星大道东"}
{"english":"ErLangXiang","id":"37942","name":"二郎乡"}
{"english":"HuaiJinDaDao M","id":"23768","name":"淮金大道中"}
{"english":"JiaoDaLu N","id":"25704","name":"交大路北"}
{"english":"HangYuLu","id":"20498","name":"航宇路"}
{"english":"HangYuLu","id":"20497","name":"航宇路"}
{"english":"HuaMingLiJiao E","id":"63145","name":"花明立交东"}
{"english":"QianFuCun","id":"45554","name":"千夫村"}
{"english":"HuaMingLiJiao E","id":"63146","name":"花明立交东"}
{"english":"Bei KeZhan","id":"20493","name":"北客站(始发站)"}
{"english":"QianFuCun","id":"45553","name":"千夫村"}
{"english":"HuaiJinDaDao M","id":"23761","name":"淮金大道中"}
{"english":"ChaoYinCun","id":"23520","name":"潮音村"}
{"english":"ChaoYinCun","id":"23521","name":"潮音村"}
{"english":"JiaoDaLu N","id":"25703","name":"交大路北"}
{"english":"YongShunLu S","id":"25945","name":"永顺路南"}
{"english":"Bei KeZhan","id":"20259","name":"北客站(始发站)"}
{"english":"YongShunLu S","id":"25944","name":"永顺路南"}
{"english":"SiYiYuan","id":"55761","name":"四医院(终点站)"}
{"english":"BeiLuWan GJZ","id":"34662","name":"北路湾公交站(始发站)"}
{"english":"BeiLuWan GJZ","id":"34661","name":"北路湾公交站(始发站)"}
{"english":"HuoCheZhan N","id":"6788","name":"火车西站北"}
{"english":"Bei KeZhan","id":"20492","name":"北客站(终点站)"}
{"english":"Zoo","id":"5214","name":"动物园"}
{"english":"Zoo GJZ","id":"5456","name":"动物园公交站(终点站)"}
{"english":"HuangHouMen","id":"56618","name":"癀后门(终点站)"}
{"english":"HuoCheZhan N","id":"6787","name":"火车西站北"}
{"english":"JinQiang Square","id":"55526","name":"金强广场"}
{"english":"KaiXinJieKou","id":"55768","name":"开心街口"}
{"english":"JinQiang Square","id":"55525","name":"金强广场"}
{"english":"SuPo CSC","id":"56857","name":"苏坡菜市场"}
{"english":"SuPo CSC","id":"56858","name":"苏坡菜市场"}
{"english":"XingYiZhen","id":"37934","name":"兴义镇"}
{"english":"QingPoShiChang","id":"62050","name":"青坡市场"}
{"english":"HuangHouMen","id":"56617","name":"癀后门(始发站)"}
{"english":"HuaPaiCun","id":"45545","name":"花牌村"}
{"english":"ChaoYinDaDao S","id":"23538","name":"潮音大道南"}
{"english":"ChaoYinDaDao S","id":"23539","name":"潮音大道南"}
{"english":"Yu Fu Lu Nan","id":"6562","name":"鱼凫路南"}
{"english":"PeiFengLu M","id":"25959","name":"培风路中"}
{"english":"HuaPaiCun","id":"45546","name":"花牌村"}
{"english":"JinChengXiLu","id":"63154","name":"锦城西路(始发站)"}
{"english":"ZhuLongQiao","id":"45541","name":"珠龙桥"}
{"english":"JiaoDaHuaYuan","id":"25719","name":"交大花园"}
{"english":"Yu Fu Lu Nan","id":"6565","name":"鱼凫路南"}
{"english":"LiaoYuan","id":"99324","name":"燎原(终点站)"}
{"english":"XiaSha","id":"64009","name":"下沙"}
{"english":"XiaSha","id":"64008","name":"下沙"}
{"english":"LianHeXiaoQu","id":"99561","name":"联合小区"}
{"english":"XiYiYangLaoYuan","id":"37925","name":"兴义镇养老院"}
{"english":"XiYiYangLaoYuan","id":"37926","name":"兴义镇养老院"}
{"english":"BeiLuWan GJZ","id":"34656","name":"北路湾公交站(始发站)"}
{"english":"NanFuJie","id":"55539","name":"南府街"}
{"english":"Medical College","id":"54208","name":"医学院"}
{"english":"NanFuJie","id":"55538","name":"南府街"}
{"english":"Bei KeZhan","id":"20260","name":"北客站(终点站)"}
{"english":"BeiLuWan GJZ","id":"34659","name":"北路湾公交站(始发站)"}
{"english":"XiLongJie","id":"56627","name":"西龙街"}
{"english":"BeiLuWan GJZ","id":"34658","name":"北路湾公交站(始发站)"}
{"english":"Medical College","id":"54209","name":"医学院"}
{"english":"XiLongJie","id":"56628","name":"西龙街"}
{"english":"ZhuLongQiao","id":"45534","name":"珠龙桥"}
{"english":"H-Y LuKou","id":"23747","name":"淮金大道永兴路口"}
{"english":"HongYuKeJi","id":"64254","name":"宏宇科技"}
{"english":"H-Y LuKou","id":"23748","name":"淮金大道永兴路口"}
{"english":"HuaMingLiJiao E","id":"62076","name":"花明立交东"}
{"english":"HuaMingLiJiao E","id":"62077","name":"花明立交东"}
{"english":"GaoXinDD One","id":"64498","name":"高新大道一段"}
{"english":"HongYuKeJi","id":"64255","name":"宏宇科技"}
{"english":"TongShunXiaoQu","id":"25928","name":"通顺小区"}
{"english":"GaoXinDD One","id":"64499","name":"高新大道一段"}
{"english":"ZhongLou","id":"99594","name":"钟楼"}
{"english":"HaiJiaoShi E","id":"25920","name":"海椒市东"}
{"english":"JinHeDaDaoE","id":"693","name":"地铁金河大道东(始发站)"}
{"english":"Government","id":"20470","name":"金河市政府"}
{"english":"JinHeNan","id":"57729","name":"金河南站公交站(始发站)"}
{"english":"JinHeNan","id":"57725","name":"金河南站公交站(始发站)"}
{"english":"JinHeNan","id":"57727","name":"金河南站公交站(始发站)"}
{"english":"JinHeNan","id":"57728","name":"金河南站公交站(始发站)"}
{"english":"QianMen","id":"46610","name":"前门"}
{"english":"ZhongLou","id":"99589","name":"钟楼"}
{"english":"ZhiWuYuan","id":"60900","name":"植物园(终点站)"}
{"english":"WenHuaLuKou","id":"55552","name":"文化路口"}
{"english":"ZhangJiaDu","id":"54221","name":"张家渡"}
{"english":"ZhangJiaDu","id":"54220","name":"张家渡"}
{"english":"XiZiMen","id":"56403","name":"西子门"}
{"english":"XiZiMen","id":"56404","name":"西子门"}
{"english":"WenHuaLuKou","id":"55554","name":"文化路口"}
{"english":"XingKongDaDao S","id":"20481","name":"星空大道南"}
{"english":"YangAnLu W","id":"55319","name":"羊安路西"}
{"english":"YangAnLu W","id":"55318","name":"羊安路西"}
{"english":"Hua Xing ","id":"5007","name":"华兴"}
{"english":"Government","id":"17840","name":"金河市政府(终点站)"}
{"english":"JianXinHuaYuan","id":"52849","name":"锦绣花园"}
{"english":"Government","id":"17841","name":"金河市政府(终点站)"}
{"english":"Zoo GJZ","id":"5023","name":"动物园公交站(终点站)"}
{"english":"DongLinXiaoQu","id":"6354","name":"东林小区(始发站)"}
{"english":"YuLinXiaoQu","id":"61561","name":"玉林小区"}
{"english":"Dianxinlu W","id":"14571","name":"电信路西"}
{"english":"CheGongZhuang","id":"63740","name":"车公庄"}
{"english":"YuLinXiaoQu","id":"61562","name":"玉林小区"}
{"english":"Dianxinlu W","id":"14572","name":"电信路西"}
{"english":"LTDD Two","id":"41712","name":"蓝天大道二段"}
{"english":"ShuangHuiLiJiao S","id":"23046","name":"双辉立交南"}
{"english":"ShuangHuiLiJiao S","id":"23048","name":"双辉立交南"}
{"english":"JinChengXiLu","id":"62898","name":"锦城西路(始发站)"}
{"english":"HeHuaChi","id":"64838","name":"荷花池"}
{"english":"LTDD Two","id":"41713","name":"蓝天大道二段"}
{"english":"CheGongZhuang","id":"63739","name":"车公庄"}
{"english":"DX DL lukou","id":"26793","name":"电信路东林路口"}
{"english":"DX DL lukou","id":"26792","name":"电信路东林路口"}
{"english":"BeiLuWan","id":"26552","name":"北路湾"}
{"english":"Government","id":"17848","name":"金河市政府(始发站)"}
{"english":"SLDDKou","id":"52611","name":"蜀龙大道口"}
{"english":"Dongjinxiang","id":"16758","name":"地铁东井巷(始发站)"}
{"english":"ZhuShiKou N","id":"53703","name":"珠市口北"}
{"english":"Dongjinxiang","id":"16757","name":"地铁东井巷(终点站)"}
{"english":"ZhuShiKou N","id":"53704","name":"珠市口北"}
{"english":"DongLin Road","id":"6362","name":"东林路"}
{"english":"ZhongBaQiZu","id":"97506","name":"中坝七组"}
{"english":"ZhongLou","id":"99928","name":"钟楼(始发站)"}
{"english":"SLDD One","id":"52618","name":"蜀龙大道一段"}
{"english":"JiBeiLu W","id":"17610","name":"冀北路西"}
{"english":"DongLin Road","id":"6363","name":"东林路"}
{"english":"SLDD One","id":"52619","name":"蜀龙大道一段"}
{"english":"ZhongBaQiZu","id":"97507","name":"中坝七组"}
{"english":"YiDuLu","id":"62421","name":"驿都路"}
{"english":"Ecological Park","id":"93140","name":"生态公园"}
{"english":"GaoXinDD Three","id":"59012","name":"高新大道三段"}
{"english":"LTDD one W","id":"41701","name":"蓝天大道西"}
{"english":"GaoXinDD Three","id":"59011","name":"高新大道三段"}
{"english":"LTDD one W","id":"41700","name":"蓝天大道西"}
{"english":"MeiZhouHuaYuan","id":"23058","name":"美洲花园"}
{"english":"MeiZhouHuaYuan","id":"23059","name":"美洲花园"}
{"english":"ShunJiangLu E","id":"25239","name":"顺江路东"}
{"english":"WenChangLu N","id":"62428","name":"文昌路北"}
{"english":"WenChangLu N","id":"62429","name":"文昌路北"}
{"english":"HeHuaChi","id":"64839","name":"荷花池"}
{"english":"BeiLuWan","id":"26564","name":"北路湾"}
{"english":"KeJiYuan N","id":"60002","name":"科技园北侧"}
{"english":"Zoo GJZ","id":"5027","name":"动物园公交站(始发站)"}
{"english":"KeJiYuan N","id":"60001","name":"科技园北侧"}
{"english":"ChaoYinDaDao","id":"14588","name":"潮音大道"}
{"english":"XiYuanDD Two","id":"53952","name":"西源大道二段"}
{"english":"XiYuanDD Two","id":"53953","name":"西源大道二段"}
{"english":"JiBeiLu W","id":"17611","name":"冀北路西"}
{"english":"TianJiaCun","id":"98628","name":"田家村"}
{"english":"TianJiaCun","id":"98627","name":"田家村"}
{"english":"ChengTongLu","id":"45057","name":"城通路"}
{"english":"Snack Street","id":"6377","name":"小吃街"}
{"english":"XiongMaoLiJiao N","id":"7223","name":"熊猫立交北"}
{"english":"ChengTongLu","id":"45056","name":"城通路"}
{"english":"Snack Street","id":"6378","name":"小吃街"}
{"english":"GaoXin W","id":"27865","name":"高新西"}
{"english":"GaoXin W","id":"27866","name":"高新西"}
{"english":"YuLinLu","id":"61587","name":"玉林路"}
{"english":"YuLinLu","id":"61588","name":"玉林路"}
{"english":"TianHuaYiLu","id":"64614","name":"天华一路"}
{"english":"KeXin S","id":"26771","name":"科新南"}
{"english":"KeXin S","id":"26770","name":"科新南"}
{"english":"ShuangMiao","id":"53720","name":"双庙"}
{"english":"LongXuGou","id":"53962","name":"龙须沟"}
{"english":"HeYe","id":"24595","name":"河野"}
{"english":"HeYe","id":"24594","name":"河野"}
{"english":"FuHuaYuan","id":"17824","name":"孵化园"}
{"english":"XiongMaoLiJiao N","id":"7217","name":"熊猫立交北"}
{"english":"ShuXiXiaoQu","id":"52634","name":"蜀西小区"}
{"english":"Government","id":"17826","name":"金河市政府(终点站)"}
{"english":"LongXuGou","id":"53963","name":"龙须沟"}
{"english":"ShuangMiao","id":"53721","name":"双庙"}
{"english":"ShuXiXiaoQu","id":"52633","name":"蜀西小区"}
{"english":"LiJiaTang","id":"55905","name":"李家堂"}
{"english":"LiJiaTang","id":"55904","name":"李家堂"}
{"english":"Bei KeZhan","id":"53725","name":"北客站(始发站)"}
{"english":"FuHuaYuan","id":"17823","name":"孵化园"}
{"english":"Bei KeZhan","id":"53726","name":"北客站(终点站)"}
{"english":"TaiAnLu","id":"7233","name":"泰安路"}
{"english":"ZhongLou","id":"99947","name":"钟楼(始发站)"}
{"english":"YongSheng","id":"98619","name":"永盛(始发站)"}
{"english":"TaiAnLu","id":"7232","name":"泰安路"}
{"english":"DaZhouLu M","id":"99702","name":"大洲路中"}
{"english":"New Street S","id":"6388","name":"新街南"}
{"english":"New Street S","id":"6387","name":"新街南"}
{"english":"Hua Xing ","id":"5058","name":"华兴"}
{"english":"DaZhouLu M","id":"99703","name":"大洲路中"}
{"english":"JinRongCheng","id":"64625","name":"金融城(终点站)"}
{"english":"TuQiaoCun","id":"63779","name":"土桥村"}
{"english":"XingKongDaDao S","id":"26782","name":"星空大道南"}
{"english":"KeXiLu","id":"54820","name":"科西路"}
{"english":"XinTongDD Four","id":"60024","name":"新通大道四段"}
{"english":"SLDD Two N","id":"52645","name":"蜀龙大道二段北"}
{"english":"XiYuanDD OneW","id":"53734","name":"西源大道一段西"}
{"english":"XinTongDD Four","id":"60023","name":"新通大道四段"}
{"english":"XiYuanDD Three","id":"53977","name":"西源大道三段"}
{"english":"LiaoYuan","id":"16501","name":"燎原"}
{"english":"LiaoYuan","id":"16500","name":"燎原(始发站)"}
{"english":"KeXiLu","id":"54821","name":"科西路"}
{"english":"SLDD Two N","id":"52644","name":"蜀龙大道二段北"}
{"english":"Zoo GJZ","id":"7229","name":"动物园公交站(终点站)"}
{"english":"XiYuanDD OneW","id":"53733","name":"西源大道一段西"}
{"english":"XiYuanDD Three","id":"53978","name":"西源大道三段"}
{"english":"JinXiuDaDaoKou","id":"5063","name":"锦绣大道口"}
{"english":"JinXiuDaDaoKou","id":"5064","name":"锦绣大道口"}
{"english":"TuQiaoCun","id":"63780","name":"土桥村"}
{"english":"QingHeZhen","id":"55919","name":"清河镇(终点站)"}
{"english":"NanHuaDaDao S","id":"7485","name":"南华大道南"}
{"english":"YongLeLiJiao N","id":"7246","name":"永乐立交北"}
{"english":"DiShuiYan","id":"98646","name":"滴水岩"}
{"english":"YongLeLiJiao N","id":"7245","name":"永乐立交北"}
{"english":"New Street N","id":"6398","name":"新街北"}
{"english":"NanHuaDaDao S","id":"7487","name":"南华大道南"}
{"english":"DiShuiYan","id":"98645","name":"滴水岩"}
{"english":"QingAnHuaYuan","id":"99737","name":"庆安花园"}
{"english":"QingAnHuaYuan","id":"99736","name":"庆安花园"}
{"english":"XiShengJie","id":"97552","name":"西盛街"}
{"english":"GX ChanYeYuan","id":"64636","name":"高新产业园"}
{"english":"GX ChanYeYuan","id":"64635","name":"高新产业园"}
{"english":"KeXin N","id":"26757","name":"科新北"}
{"english":"KeXin N","id":"26756","name":"科新北"}
{"english":"XiShengJie","id":"97551","name":"西盛街"}
{"english":"XiBoCheng","id":"59049","name":"西博城"}
{"english":"QingHeZhen","id":"55920","name":"清河镇(始发站)"}
{"english":"NH MengHuanDao","id":"60037","name":"南湖梦幻岛"}
{"english":"BeiMenLiJiao E","id":"17808","name":"北门立交东"}
{"english":"BeiMenLiJiao E","id":"17809","name":"北门立交东"}
{"english":"HeYueXi","id":"52654","name":"何月曦"}
{"english":"XiYuanDD Four","id":"53985","name":"西源大道四段"}
{"english":"HeYueXi","id":"52655","name":"何月曦"}
{"english":"XiYuanDD Four","id":"53986","name":"西源大道四段"}
{"english":"JvLongJie","id":"55928","name":"聚龙街"}
{"english":"XiongMaoLiJiao W","id":"14777","name":"熊猫立交西"}
{"english":"XiongMaoLiJiao W","id":"14778","name":"熊猫立交西"}
{"english":"XiBoCheng","id":"59050","name":"西博城"}
{"english":"DaTongLu","id":"45024","name":"大同路"}
{"english":"WenChangLu","id":"62462","name":"文昌路"}
{"english":"WenChangLu","id":"62463","name":"文昌路"}
{"english":"ZhangBa","id":"98634","name":"张坝"}
{"english":"HuaShuDaDao","id":"7259","name":"华蜀大道"}
{"english":"DaTongLu","id":"45026","name":"大同路"}
{"english":"GaoXinDD Four","id":"64645","name":"高新大道四段"}
{"english":"GaoXin E","id":"27852","name":"高新东"}
{"english":"HuaDu","id":"26524","name":"花都"}
{"english":"ZhangBa","id":"98633","name":"张坝"}
{"english":"HuaDu","id":"26523","name":"花都"}
{"english":"GaoXinDD Four","id":"64646","name":"高新大道四段"}
{"english":"Pioneer Street","id":"5071","name":"创业街"}
{"english":"Pioneer Street","id":"5072","name":"创业街"}
{"english":"XinYeLu","id":"52660","name":"新业路"}
{"english":"GaoXin E","id":"27851","name":"高新东"}
{"english":"XinYeLu","id":"52661","name":"新业路"}
{"english":"NH MengHuanDao","id":"60040","name":"南湖梦幻岛"}
{"english":"JinXiuDaDao E","id":"5086","name":"锦绣大道东"}
{"english":"GuangYaoLu S","id":"25407","name":"光耀路南"}
{"english":"JinXiuDaDao E","id":"5087","name":"锦绣大道东"}
{"english":"YiDuLu Two","id":"46589","name":"驿都路二段"}
{"english":"HePingLuKou","id":"104283","name":"和平路口"}
{"english":"NanJiaoKeJiYuan","id":"63562","name":"南郊科技园"}
{"english":"YiDuLu Two","id":"46588","name":"驿都路二段"}
{"english":"NanJiaoKeJiYuan","id":"63563","name":"南郊科技园"}
{"english":"HuiZhanZhongXin","id":"64656","name":"会展中心"}
{"english":"GXDD NanQiang","id":"59066","name":"高新大道南墙"}
{"english":"HuiZhanZhongXin","id":"64655","name":"会展中心"}
{"english":"GHDD Kou","id":"26973","name":"光华大道口"}
{"english":"HuaShuDaDao","id":"7260","name":"华蜀大道"}
{"english":"GuangYaoLu S","id":"25406","name":"光耀路南"}
{"english":"GXDD NanQiang","id":"59065","name":"高新大道南墙"}
{"english":"GHDD Kou","id":"26976","name":"光华大道口"}
{"english":"YuFuNanLuKou","id":"23469","name":"鱼凫南路口"}
{"english":"SiMaQiao","id":"25889","name":"驷马桥"}
{"english":"LanTianLiJiao N","id":"2800","name":"蓝天立交北"}
{"english":"LanTianLiJiao N","id":"2806","name":"蓝天立交北"}
{"english":"GaoXinDD Three","id":"60053","name":"高新大道三段"}
{"english":"SLDD Four E","id":"61142","name":"蜀龙大道四段东"}
{"english":"GaoXinDD Three","id":"60052","name":"高新大道三段"}
{"english":"SLDD Four E","id":"61141","name":"蜀龙大道四段东"}
{"english":"XingKongDaDao M","id":"20190","name":"星空大道中"}
{"english":"HaiYueCun","id":"55949","name":"海月村"}
{"english":"JueZiLu N","id":"99508","name":"决眦路北"}
{"english":"JueZiLu N","id":"99507","name":"决眦路北"}
{"english":"Toyshop","id":"7274","name":"玩具城"}
{"english":"HuaiShui","id":"98657","name":"淮水"}
{"english":"KeHuiYuan","id":"45001","name":"科惠苑"}
{"english":"ShiQiZhong","id":"64665","name":"十七中"}
{"english":"HuaiShui","id":"98658","name":"淮水"}
{"english":"FengXiDaDao S","id":"24564","name":"凤溪大道南"}
{"english":"HuaShenLu E","id":"26742","name":"花神路东"}
{"english":"XinYeLu E","id":"97564","name":"新业路东"}
{"english":"FengXiDaDao S","id":"24563","name":"凤溪大道南"}
{"english":"ShiQiZhong","id":"64666","name":"十七中"}
{"english":"BeiLuWan GJZ","id":"34593","name":"北路湾公交站(终点站)"}
{"english":"BeiLuWan GJZ","id":"34592","name":"北路湾公交站(终点站)"}
{"english":"XinYeLu E","id":"97566","name":"新业路东"}
{"english":"HuaShenLu E","id":"26743","name":"花神路东"}
{"english":"BeiLuWan GJZ","id":"34591","name":"北路湾公交站(终点站)"}
{"english":"Toyshop","id":"7273","name":"玩具城"}
{"english":"SLDD Two S","id":"52681","name":"蜀龙大道二段南"}
{"english":"SLDD Two S","id":"52680","name":"蜀龙大道二段南"}
{"english":"YuFuNanLuKou","id":"23470","name":"鱼凫南路口"}
{"english":"SiMaQiao","id":"25890","name":"驷马桥"}
{"english":"BeiLuWan GJZ","id":"34597","name":"北路湾公交站(终点站)"}
{"english":"XiYuanDD OneE","id":"53772","name":"西源大道一段东"}
{"english":"BeiLuWan GJZ","id":"34596","name":"北路湾公交站(终点站)"}
{"english":"HaiYueCun","id":"55950","name":"海月村"}
{"english":"BeiLuWan GJZ","id":"34595","name":"北路湾公交站(终点站)"}
{"english":"JinQuanLu N","id":"54626","name":"金泉路北"}
{"english":"XiBoCheng","id":"60066","name":"西博城"}
{"english":"XiYuanDD OneE","id":"53776","name":"西源大道一段东"}
{"english":"Huo Che Zhan","id":"55955","name":"火车西站"}
{"english":"Huo Che Zhan","id":"55954","name":"火车西站"}
{"english":"Zoo","id":"14768","name":"动物园"}
{"english":"Ke Bei Lu","id":"2814","name":"科北路(终点站)"}
{"english":"XiBoCheng","id":"60060","name":"西博城"}
{"english":"JinQuanLu N","id":"54627","name":"金泉路北"}
{"english":"SanHeCun","id":"45910","name":"三河村"}
{"english":"Guo Feng","id":"7289","name":"果丰"}
{"english":"SanHeJiuZu","id":"45916","name":"三河九组"}
{"english":"YongLing BWG","id":"61960","name":"永陵博物馆"}
{"english":"MaJiaCi","id":"56371","name":"马家祠"}
{"english":"SanHeJiuZu","id":"45917","name":"三河九组"}
{"english":"MaJiaCi","id":"56370","name":"马家祠"}
{"english":"JiTouZhen","id":"55289","name":"机投镇"}
{"english":"YongLing BWG","id":"61958","name":"永陵博物馆"}
{"english":"SanHeCun","id":"45909","name":"三河村"}
{"english":"XinTongDD Three","id":"59885","name":"新通大道三段"}
{"english":"XinTongDD Three","id":"59886","name":"新通大道三段"}
{"english":"Hongwasi","id":"16116","name":"红瓦寺"}
{"english":"Hongwasi","id":"16115","name":"红瓦寺"}
{"english":"Ke Bei Lu","id":"2827","name":"科北路(始发站)"}
{"english":"WenQing Park","id":"17692","name":"温晴公园"}
{"english":"Da Tian","id":"15035","name":"大田"}
{"english":"WenQing Park","id":"17693","name":"温晴公园"}
{"english":"Da Tian","id":"15034","name":"大田"}
{"english":"LuoGuoXiang","id":"56382","name":"锣锅巷"}
{"english":"JiTouZhen","id":"55290","name":"机投镇"}
{"english":"ShiJiCheng","id":"58563","name":"世纪城"}
{"english":"LuoGuoXiang","id":"56384","name":"锣锅巷"}
{"english":"LangJiaYuan S","id":"62820","name":"郎家园南"}
{"english":"HuangJinXiaoQu","id":"27016","name":"黄金小区"}
{"english":"Guo Feng","id":"7290","name":"果丰"}
{"english":"ShiJiCheng","id":"58562","name":"世纪城"}
{"english":"LangJiaYuan S","id":"62821","name":"郎家园南"}
{"english":"LingAnLu M","id":"45903","name":"菱安路中"}
{"english":"JinHeNan","id":"57479","name":"金河南站公交站(终点站)"}
{"english":"HuaZhaoBi","id":"27250","name":"花照壁"}
{"english":"HuaXiDDXiXing","id":"102927","name":"花溪大道西兴"}
{"english":"HuaZhaoBi","id":"27251","name":"花照壁"}
{"english":"HuaXiDDXiXing","id":"102926","name":"花溪大道西兴"}
{"english":"GuBaiCun","id":"60884","name":"古柏村"}
{"english":"HuangJinXiaoQu","id":"27015","name":"黄金小区"}
{"english":"QingBoLu","id":"60641","name":"清波路"}
{"english":"GuBaiCun","id":"60883","name":"古柏村"}
{"english":"JinHeNan","id":"57478","name":"金河南站公交站(终点站)"}
{"english":"QingBoLu","id":"60640","name":"清波路"}
{"english":"MengZe GC","id":"107113","name":"梦泽广场"}
{"english":"MengZe GC","id":"107112","name":"梦泽广场"}
{"english":"JinHeNan","id":"57482","name":"金河南站公交站(终点站)"}
{"english":"WanShouXiang","id":"21924","name":"万寿乡(始发站)"}
{"english":"YuLinDongLu","id":"61986","name":"玉林东路"}
{"english":"YuLinDongLu","id":"61987","name":"玉林东路"}
{"english":"JinHeNan","id":"57480","name":"金河南站公交站(终点站)"}
{"english":"JinHeNan","id":"57481","name":"金河南站公交站(终点站)"}
{"english":"Gao Peng Lu","id":"25281","name":"高朋路(始发站)"}
{"english":"LiaoYuan","id":"26131","name":"燎原"}
{"english":"XinGeLu Two","id":"27223","name":"新革路二段"}
{"english":"JiDi HYGY","id":"58334","name":"极地海洋公园"}
{"english":"XinGeLu Two","id":"27224","name":"新革路二段"}
{"english":"JinHeNan","id":"57487","name":"金河南站公交站(终点站)"}
{"english":"JinHeNan","id":"57488","name":"金河南站公交站(终点站)"}
{"english":"JiDi HYGY","id":"58335","name":"极地海洋公园"}
{"english":"JinHeNan","id":"57489","name":"金河南站公交站(终点站)"}
{"english":"ShuangMuCun","id":"107108","name":"双木村"}
{"english":"ShuangMuCun","id":"107107","name":"双木村"}
{"english":"HuaYangCheng","id":"20841","name":"花样城"}
{"english":"XiDaLiJiao W","id":"61998","name":"西达立交西"}
{"english":"HuaYangCheng","id":"20842","name":"花样城"}
{"english":"LiaoYuanLu","id":"26140","name":"燎原路"}
{"english":"YongShunLu","id":"60669","name":"永顺路"}
{"english":"YongShunLu","id":"60668","name":"永顺路"}
{"english":"LiaoYuanLu","id":"26141","name":"燎原路"}
{"english":"LingLongDaDao M","id":"41519","name":"灵龙大道中"}
{"english":"BaLiLuKou","id":"26144","name":"八里路口"}
{"english":"HuaXiDD Two E","id":"102907","name":"花溪大道二段东"}
{"english":"HuaXiDD Two E","id":"102906","name":"花溪大道二段东"}
{"english":"XinGeLu One","id":"27232","name":"新革路一段"}
{"english":"BaLiLuKou","id":"26145","name":"八里路口"}
{"english":"XinGeLu One","id":"27233","name":"新革路一段"}
{"english":"BaLiXiaoQu","id":"26116","name":"八里小区"}
{"english":"LingLongDaDao M","id":"41518","name":"灵龙大道中"}
{"english":"HuaMing GJZ","id":"27680","name":"花明公交站"}
{"english":"GuoYan","id":"23084","name":"果堰"}
{"english":"GuoYan","id":"23085","name":"果堰"}
{"english":"JinHeKeYun","id":"16560","name":"金河客运站(始发站)"}
{"english":"MeiYuan","id":"62863","name":"梅园"}
{"english":"HuaMing","id":"27698","name":"花明"}
{"english":"HongShiSheQu","id":"55092","name":"鸿石社区(终点站)"}
{"english":"MeiYuan","id":"62864","name":"梅园"}
{"english":"HongShiSheQu","id":"55091","name":"鸿石社区(终点站)"}
{"english":"YZDDHePingLuKou","id":"63712","name":"益州大道和平路口"}
{"english":"HuaMing","id":"27699","name":"花明"}
{"english":"LinYinZhongXue","id":"61534","name":"林荫中学"}
{"english":"XinXing GYY","id":"41749","name":"新兴工业园(终点站)"}
{"english":"YZDDHePingLuKou","id":"63713","name":"益州大道和平路口"}
{"english":"YT LL LuKou","id":"41507","name":"永通路灵龙大道口"}
{"english":"LinYinZhongXue","id":"61535","name":"林荫中学"}
{"english":"HongShiSheQu","id":"55097","name":"鸿石社区(始发站)"}
{"english":"XinXing GYY","id":"41748","name":"新兴工业园(始发站)"}
{"english":"YT LL LuKou","id":"41506","name":"永通路灵龙大道口"}
{"english":"ShiMenSheQu","id":"64805","name":"石门社区"}
{"english":"ShiMenSheQu","id":"64804","name":"石门社区"}
{"english":"TiaoDengHe","id":"102969","name":"跳蹬河"}
{"english":"TiaoDengHe","id":"102968","name":"跳蹬河"}
{"english":"JinRongCheng","id":"60201","name":"金融城"}
{"english":"Gao Peng Lu","id":"25276","name":"高朋路(终点站)"}
{"english":"JinRongCheng","id":"60200","name":"金融城(始发站)"}
{"english":"Second Hospital","id":"15238","name":"市二人民医院"}
{"english":"Second Hospital","id":"15237","name":"市二人民医院"}
{"english":"JiBeiLu E","id":"17656","name":"冀北路东"}
{"english":"JiaoZiCun","id":"46192","name":"饺子村"}
{"english":"JiBeiLu E","id":"17657","name":"冀北路东"}
{"english":"JiaoZiCun","id":"46193","name":"饺子村"}
{"english":"DT QiHeLuKou","id":"52824","name":"地铁七河路口"}
{"english":"ZhongLou","id":"99916","name":"钟楼(终点站)"}
{"english":"ZhongLou","id":"99917","name":"钟楼(终点站)"}
{"english":"ZhongLou","id":"99913","name":"钟楼(终点站)"}
{"english":"Jinfeilu One","id":"16772","name":"金飞路一段"}
{"english":"GHDaDao OneE","id":"26576","name":"光华大道一段东"}
{"english":"YiZhouDDXiSha","id":"63969","name":"益州大道西厦"}
{"english":"MingTianLuKou","id":"64816","name":"明天路口"}
{"english":"MingTianLuKou","id":"64815","name":"明天路口"}
{"english":"DongLiLuKou","id":"102935","name":"东篱路口"}
{"english":"ShunJiangLu E","id":"25240","name":"顺江路东"}
{"english":"GaoXin","id":"60211","name":"高新"}
{"english":"GaoXin","id":"60210","name":"高新"}
{"english":"ShunHeQiao","id":"17626","name":"顺河桥"}
{"english":"ShunHeQiao","id":"17627","name":"顺河桥"}
{"english":"DongXinCheng","id":"46183","name":"东新城"}
{"english":"DongXinCheng","id":"46182","name":"东新城"}
{"english":"YiZhouDDXiSha","id":"63970","name":"益州大道西厦"}
{"english":"FXDD Three S","id":"46178","name":"凤溪大道三段南"}
{"english":"FXDD Three S","id":"46179","name":"凤溪大道三段南"}
{"english":"GaoPengLu W","id":"25256","name":"高朋路西"}
{"english":"ShuangXing","id":"41722","name":"双兴"}
{"english":"ShuangXing","id":"41721","name":"双兴"}
{"english":"HuaMing GJZ","id":"27676","name":"花明公交站(终点站)"}
{"english":"GaoPengLu W","id":"25258","name":"高朋路西"}
{"english":"FengHuangLiJiaoS","id":"64827","name":"凤凰立交南"}
{"english":"FengHuangLiJiaoS","id":"64826","name":"凤凰立交南"}
{"english":"HuaXiDD Three","id":"102949","name":"花溪大道三段"}
{"english":"HuaMing GJZ","id":"27675","name":"花明公交站(始发站)"}
{"english":"GHDaDao OneE","id":"26585","name":"光华大道一段东"}
{"english":"SLDDKou","id":"52605","name":"蜀龙大道口"}
{"english":"JianXinHuaYuan","id":"52848","name":"锦绣花园"}
{"english":"PuGuangKuaiTie","id":"102942","name":"普光快铁"}
{"english":"FXDD YiHeLu","id":"46170","name":"凤溪大道颐和路"}
{"english":"FXDD YiHeLu","id":"46171","name":"凤溪大道颐和路"}
{"english":"TaiPingCun","id":"16077","name":"太平村"}
{"english":"QingTaiLu M","id":"18017","name":"青泰路中"}
{"english":"YiZhouDD Four E","id":"64159","name":"益州大道四段东"}
{"english":"TaiPingCun","id":"16078","name":"太平村"}
{"english":"QingAn GJZ","id":"17160","name":"庆安公交站(始发站)"}
{"english":"YuFuXiLu S","id":"23840","name":"鱼凫西路南(终点站)"}
{"english":"JueZiLu S","id":"99496","name":"决眦路南"}
{"english":"YongXingDD N","id":"54350","name":"永兴大道北"}
{"english":"TianHe GJZ","id":"53260","name":"天河公交站(终点站)"}
{"english":"JinHeKeYun","id":"21427","name":"金河客运站(始发站)"}
{"english":"JueZiLu S","id":"99495","name":"决眦路南"}
{"english":"JinHeKeYun","id":"21426","name":"金河客运站(始发站)"}
{"english":"Ke Bei Lu","id":"54110","name":"科北路(终点站)"}
{"english":"CuiPingLu","id":"54594","name":"翠屏路"}
{"english":"YongXingDD N","id":"54351","name":"永兴大道北"}
{"english":"CuiPingLu","id":"54593","name":"翠屏路"}
{"english":"Ke Bei Lu","id":"54113","name":"科北路(始发站)"}
{"english":"TuanJieQiao","id":"55448","name":"团结桥"}
{"english":"QingTaiLu M","id":"18018","name":"青泰路中"}
{"english":"YongJiangLu","id":"63061","name":"涌江路"}
{"english":"QingTaiLuKou","id":"18027","name":"青泰路口"}
{"english":"QingTaiLuKou","id":"18028","name":"青泰路口"}
{"english":"XiShaQiang","id":"45860","name":"西沙巷"}
{"english":"ShunJiangLu ","id":"18263","name":"顺江路"}
{"english":"HuaXiDD One","id":"102890","name":"花溪大道一段"}
{"english":"ShunJiangLu ","id":"18264","name":"顺江路"}
{"english":"DT ZhongLou","id":"99488","name":"地铁钟楼"}
{"english":"YuFuXiLu S","id":"23850","name":"鱼凫西路南(始发站)"}
{"english":"QiDaoXiang","id":"23851","name":"七道巷"}
{"english":"FengXiDD Five","id":"45868","name":"凤溪大道五段"}
{"english":"TuanJieQiao","id":"55450","name":"团结桥"}
{"english":"FengXiDD Five","id":"45867","name":"凤溪大道五段"}
{"english":"HongPoSheQu","id":"55691","name":"洪坡社区"}
{"english":"DT ZhongLou","id":"99487","name":"地铁钟楼"}
{"english":"HongPoSheQu","id":"55690","name":"洪坡社区"}
{"english":"HongPoYuan","id":"55696","name":"洪坡苑"}
{"english":"DongShaZhen","id":"56545","name":"东沙镇"}
{"english":"HongPoYuan","id":"55695","name":"洪坡苑"}
{"english":"QuGongHui","id":"55211","name":"区工会"}
{"english":"Hotel","id":"1105","name":"昆仑酒店"}
{"english":"DongShaZhen","id":"56546","name":"东沙镇"}
{"english":"WanXiErZu","id":"54363","name":"万溪二组"}
{"english":"QuGongHui","id":"55210","name":"区工会"}
{"english":"Hotel","id":"1104","name":"昆仑酒店"}
{"english":"WanXiErZu","id":"54362","name":"万溪二组"}
{"english":"YiZhouDD Four E","id":"64160","name":"益州大道四段东"}
{"english":"HuaXiDD One","id":"102889","name":"花溪大道一段"}
{"english":"ZhuShiJie S","id":"63085","name":"猪市街南"}
{"english":"ShaXiXian Two","id":"45610","name":"沙西线二段"}
{"english":"ZhuShiJie S","id":"63086","name":"猪市街南"}
{"english":"JianJiaZhen","id":"107078","name":"蒹葭镇"}
{"english":"JianJiaZhen","id":"107077","name":"蒹葭镇"}
{"english":"TaShiQiao","id":"20552","name":"塔石桥"}
{"english":"TaShiQiao","id":"20551","name":"塔石桥"}
{"english":"Yu Fu Lu","id":"3780","name":"鱼凫路"}
{"english":"LiYuanLuKou","id":"46709","name":"梨园路口"}
{"english":"DongJiaZhai","id":"61901","name":"董家寨"}
{"english":"DongLiLuKou","id":"101522","name":"东篱路口"}
{"english":"JinHeWeiXiao","id":"56559","name":"金河卫校"}
{"english":"DianLiYiYuan","id":"100676","name":"电力医院"}
{"english":"DianLiYiYuan","id":"100677","name":"电力医院"}
{"english":"Yu Fu Lu","id":"3779","name":"鱼凫路"}
{"english":"Global Center","id":"3539","name":"环球中心(始发站)"}
{"english":"ShuangXingLu M","id":"20566","name":"双星路中"}
{"english":"PeiFengLu N","id":"18245","name":"培风路北"}
{"english":"PeiFengLu N","id":"18246","name":"培风路北"}
{"english":"ZhuShiJie N","id":"63097","name":"猪市街北"}
{"english":"ZhuShiJie N","id":"63098","name":"猪市街北"}
{"english":"QingAn GJZ","id":"23836","name":"庆安公交站(终点站)"}
{"english":"HuaXingQiao","id":"18000","name":"华兴桥"}
{"english":"YingTaoGou","id":"45608","name":"樱桃沟"}
{"english":"RenJiaPo","id":"107083","name":"任家坡"}
{"english":"SM Community","id":"2220","name":"SM社区(始发站)"}
{"english":"JinHeWeiXiao","id":"56560","name":"金河卫校"}
{"english":"YingTaoGou","id":"45609","name":"樱桃沟"}
{"english":"WenJiaChang","id":"55472","name":"文家场(始发站)"}
{"english":"WenJiaChang","id":"55471","name":"文家场(终点站)"}
{"english":"NongXueYuan","id":"54382","name":"农学院"}
{"english":"NongXueYuan","id":"54381","name":"农学院"}
{"english":"RenJiaPo","id":"107084","name":"任家坡"}
{"english":"QiHeLu M","id":"45847","name":"七河路中"}
{"english":"TianHe GJZ","id":"53055","name":"天河公交站(始发站)"}
{"english":"Trade City","id":"6818","name":"商贸城"}
{"english":"Avenue One","id":"1129","name":"金河大道一段"}
{"english":"SM Community","id":"2218","name":"SM社区(终点站)"}
{"english":"ShuangQiYiDui","id":"60823","name":"双七一队"}
{"english":"DongJiaZhai","id":"61902","name":"董家寨"}
{"english":"ShuangQiYiDui","id":"60822","name":"双七一队"}
{"english":"BuLuMingDun","id":"58747","name":"布鲁明顿"}
{"english":"HeLinXiaoQu","id":"59836","name":"鹤林小区"}
{"english":"Trade City","id":"6819","name":"商贸城"}
{"english":"BuLuMingDun","id":"58746","name":"布鲁明顿"}
{"english":"HeLinXiaoQu","id":"59835","name":"鹤林小区"}
{"english":"HuaXiDD Two W","id":"101530","name":"花溪大道二段西"}
{"english":"JinHeDaDaoE","id":"702","name":"金河大道东(终点站)"}
{"english":"JinHeDaDaoE","id":"100201","name":"地铁金河大道东"}
{"english":"HuaXiDD Two W","id":"101532","name":"花溪大道二段西"}
{"english":"HuaXingQiao","id":"18009","name":"华兴桥"}
{"english":"SM Community","id":"2219","name":"SM社区(终点站)"}
{"english":"ShuangXingLu M","id":"20531","name":"双星路中"}
{"english":"HuaDuDD S","id":"56570","name":"花都大道南"}
{"english":"HuaDuDD S","id":"56571","name":"花都大道南"}
{"english":"ShuangXingLu E","id":"20538","name":"双星路东"}
{"english":"ShuangXingLu E","id":"20537","name":"双星路东"}
{"english":"NH MengHuanDao","id":"58998","name":"南湖梦幻岛"}
{"english":"Phoenix","id":"2229","name":"凤凰"}
{"english":"TaiYangWan N","id":"55487","name":"太阳湾北"}
{"english":"XiShouGuangChang","id":"27164","name":"西寿广场"}
{"english":"TaiYangWan N","id":"55486","name":"太阳湾北"}
{"english":"NH MengHuanDao","id":"58997","name":"南湖梦幻岛"}
{"english":"LongJiangLu","id":"61914","name":"龙江路"}
{"english":"LongJiangLu","id":"61915","name":"龙江路"}
{"english":"Phoenix","id":"2226","name":"凤凰"}
{"english":"XiShouGuangChang","id":"27163","name":"西寿广场"}
{"english":"BaLiXiaoQu","id":"26070","name":"八里小区(始发站)"}
{"english":"Hangtianlijiao W","id":"719","name":"航天立交西"}
{"english":"Medical College","id":"18220","name":"医学院"}
{"english":"XiongMaoLiJiao E","id":"15199","name":"熊猫立交东"}
{"english":"XiongMaoLiJiao E","id":"15198","name":"熊猫立交东"}
{"english":"Guang Min","id":"1154","name":"光民"}
{"english":"YiHuaLu","id":"56581","name":"义华路"}
{"english":"TianHe GJZ","id":"53073","name":"天河公交站(始发站)"}
{"english":"TianHe GJZ","id":"53074","name":"天河公交站(始发站)"}
{"english":"DT QiHeLuKou","id":"45826","name":"地铁七河路口(始发站)"}
{"english":"Huo Che Zhan","id":"61933","name":"火车西站公交站(始发站)"}
{"english":"TaiYangWan S","id":"55492","name":"太阳湾南"}
{"english":"KeHuiYuan","id":"44979","name":"科惠苑"}
{"english":"TianHe GJZ","id":"53071","name":"天河公交站(始发站)"}
{"english":"TianHe GJZ","id":"53072","name":"天河公交站(始发站)"}
{"english":"TaiYangWan S","id":"55491","name":"太阳湾南"}
{"english":"DT QiHeLuKou","id":"45825","name":"地铁七河路口(终点站)"}
{"english":"SM Market","id":"56104","name":"新山农贸市场"}
{"english":"River Road","id":"3569","name":"河畔路"}
{"english":"Guang Min","id":"1148","name":"光民"}
{"english":"Huo Che Zhan","id":"61929","name":"火车西站公交站(终点站)"}
{"english":"River Road","id":"3566","name":"河畔路"}
{"english":"HuaDuDD","id":"100025","name":"花都大道"}
{"english":"GaoXinDD One","id":"58529","name":"高新大道一段"}
{"english":"XinQianLi","id":"20511","name":"新千里"}
{"english":"LingLongDaDao S","id":"44964","name":"灵龙大道南"}
{"english":"LingLongDaDao S","id":"44963","name":"灵龙大道南"}
{"english":"DongYuanLu","id":"54170","name":"东源路"}
{"english":"JK Avenue","id":"3585","name":"JK大道"}
{"english":"JK Avenue","id":"3584","name":"JK大道"}
{"english":"LingLongDaDao N","id":"41458","name":"灵龙大道北"}
{"english":"GaoXinDD One","id":"58530","name":"高新大道一段"}
{"english":"LingLongDaDao N","id":"41457","name":"灵龙大道北"}
{"english":"HuaLinYuan","id":"20758","name":"桦林园(始发站)"}
{"english":"YongSheng","id":"56110","name":"永盛(终点站)"}
{"english":"XinQianLi","id":"20512","name":"新千里"}
{"english":"ShuangQiErDui","id":"60854","name":"双七二队"}
{"english":"ShuangQiErDui","id":"60853","name":"双七二队"}
{"english":"Hangtianlijiao W","id":"730","name":"航天立交西"}
{"english":"HaiKeXueXiao","id":"56112","name":"海科学校"}
{"english":"HaiKeXueXiao","id":"56113","name":"海科学校"}
{"english":"HeHuaChi","id":"27145","name":"荷花池"}
{"english":"QinHuaiLuKou","id":"102895","name":"秦淮路口"}
{"english":"Hangtianlijiao E","id":"736","name":"航天立交东"}
{"english":"QinHuaiLuKou","id":"102896","name":"秦淮路口"}
{"english":"ChaoYinDaDao","id":"6607","name":"潮音大道"}
{"english":"HongMaoJie","id":"17354","name":"弘贸街"}
{"english":"HuaLinYuan","id":"20763","name":"桦林园(始发站)"}
{"english":"LianTian DD one","id":"41680","name":"蓝天大道一段"}
{"english":"HongMaoJie","id":"17353","name":"弘贸街"}
{"english":"LianTian DD one","id":"41683","name":"蓝天大道一段"}
{"english":"HeLanLu","id":"44958","name":"何兰路"}
{"english":"HeJiangTing","id":"20526","name":"合江亭"}
{"english":"HuaLinYuan","id":"20768","name":"桦林园(终点站)"}
{"english":"DaYeLu","id":"62802","name":"大业路"}
{"english":"HuaLinYuan","id":"20765","name":"桦林园(终点站)"}
{"english":"DaYeLu","id":"62803","name":"大业路"}
{"english":"XueYuan","id":"58547","name":"学院"}
{"english":"XueYuan","id":"58546","name":"学院"}
{"english":"XinTongDD Two E","id":"59634","name":"新通大道二段东"}
{"english":"Hangtianlijiao E","id":"744","name":"航天立交东"}
{"english":"XinTongDD Two E","id":"59633","name":"新通大道二段东"}
{"english":"Bai Hua Lu W","id":"6854","name":"百花路西"}
{"english":"LanTianLiJiao S","id":"6856","name":"蓝天立交南"}
{"english":"LanTianLiJiao S","id":"6855","name":"蓝天立交南"}
{"english":"Art Center","id":"749","name":"画展中心"}
{"english":"ChaoYinDaDao","id":"6615","name":"潮音大道"}
{"english":"YiDuLu","id":"46569","name":"驿都路(终点站)"}
{"english":"ZhuLongQiao N","id":"45478","name":"珠龙桥北"}
{"english":"YiWanShui","id":"100060","name":"一碗水"}
{"english":"DianXinLu E","id":"26958","name":"电信路东"}
{"english":"GongPing S","id":"64792","name":"公坪南"}
{"english":"YiWanShui","id":"100062","name":"一碗水"}
{"english":"GongPing S","id":"64795","name":"公坪南"}
{"english":"ZhuLongQiao N","id":"45477","name":"珠龙桥北"}
{"english":"Sports Center","id":"27809","name":"体育中心"}
{"english":"BeiMenLiJiao N","id":"24530","name":"北门立交北"}
{"english":"DianXinLu E","id":"26955","name":"电信路东"}
{"english":"DongYuan Shop","id":"18093","name":"东源百货"}
{"english":"DT ZhongLou","id":"114470","name":"地铁钟楼(终点站)"}
{"english":"Art Center","id":"750","name":"画展中心"}
{"english":"DT ZhongLou","id":"114472","name":"地铁钟楼(始发站)"}
{"english":"JinShanLu","id":"55601","name":"金山路"}
{"english":"SLDDJiuLong","id":"61049","name":"蜀龙大道九龙"}
{"english":"SLDDJiuLong","id":"61048","name":"蜀龙大道九龙"}
{"english":"ShiJiaGou","id":"55846","name":"施家沟(终点站)"}
{"english":"ChaoYinDaDao N","id":"6622","name":"潮音大道北"}
{"english":"ShiJiaGou","id":"55845","name":"施家沟(始发站)"}
{"english":"JinShanLu","id":"55602","name":"金山路"}
{"english":"ChaoYinDaDao N","id":"6624","name":"潮音大道北"}
{"english":"XiBoCheng","id":"60195","name":"西博城"}
{"english":"HuiZeBeiLu N","id":"56934","name":"惠泽北路北"}
{"english":"HuiZeBeiLu N","id":"56935","name":"惠泽北路北"}
{"english":"JiTou GJZ","id":"45226","name":"机投公交站(始发站)"}
{"english":"YiDuLu","id":"46556","name":"驿都路(始发站)"}
{"english":"XingKongDaDao M","id":"20189","name":"星空大道中"}
{"english":"JianXinLu","id":"100073","name":"建新路"}
{"english":"JiTou GJZ","id":"45222","name":"机投公交站(终点站)"}
{"english":"JianXinLu","id":"100074","name":"建新路"}
{"english":"New Street N","id":"6401","name":"新街北"}
{"english":"JiTou GJZ","id":"45224","name":"机投公交站(终点站)"}
{"english":"Bai Hua Lu W","id":"6884","name":"百花路西"}
{"english":"ErShuiChang","id":"99648","name":"二水厂"}
{"english":"JiTou GJZ","id":"45223","name":"机投公交站(终点站)"}
{"english":"Sports Center","id":"27810","name":"体育中心"}
{"english":"GaoSunTang","id":"25874","name":"高笋塘"}
{"english":"Global Center","id":"98310","name":"环球中心(终点站)"}
{"english":"Ecological Park","id":"761","name":"生态公园"}
{"english":"LianHuaYiQu","id":"52580","name":"莲花一区"}
{"english":"ZhuShiKou S","id":"53675","name":"珠市口南"}
{"english":"Ecological Park","id":"764","name":"生态公园"}
{"english":"ZhuShiKou S","id":"53674","name":"珠市口南"}
{"english":"ZhuJiaWan","id":"55858","name":"朱家湾"}
{"english":"LiMingXueXiao","id":"55616","name":"理名学校"}
{"english":"YongLeLiJiao N","id":"14742","name":"永乐立交北"}
{"english":"LiMingXueXiao","id":"55615","name":"理名学校"}
{"english":"YongShunLuKou","id":"61054","name":"永顺路口"}
{"english":"YongShunLuKou","id":"61053","name":"永顺路口"}
{"english":"YongLeLiJiao N","id":"14744","name":"永乐立交北"}
{"english":"ZhuJiaWan","id":"55859","name":"朱家湾"}
{"english":"GaoSunTang","id":"25847","name":"高笋塘"}
{"english":"JiTou GJZ","id":"45217","name":"机投公交站"}
{"english":"Bei KeZhan","id":"20156","name":"北客站"}
{"english":"ZhongHuaYuan","id":"100282","name":"中华园"}
{"english":"NanXiYuan","id":"46785","name":"南溪苑"}
{"english":"ZhongHuaYuan","id":"100283","name":"中华园"}
{"english":"NanXiYuan","id":"46786","name":"南溪苑"}
{"english":"JinHeDaDaoE","id":"98106","name":"地铁金河大道东"}
{"english":"NanHuaDaDao ","id":"7501","name":"南华大道"}
{"english":"DongYuan Shop","id":"18079","name":"东源百货"}
{"english":"HuaBoLuKou","id":"24751","name":"花博路口"}
{"english":"LianHuaYiQu","id":"18072","name":"莲花一区"}
{"english":"HuaBoLuKou","id":"24750","name":"花博路口"}
{"english":"YiZhouDD One E","id":"63006","name":"益州大道一段东"}
{"english":"YiZhouDD One E","id":"63007","name":"益州大道一段东"}
{"english":"DaZhouLu S","id":"99672","name":"大洲路南"}
{"english":"DaZhouLu S","id":"99671","name":"大洲路南"}
{"english":"Art Center","id":"98101","name":"画展中心"}
{"english":"LianHuaErQu","id":"52593","name":"莲花二区"}
{"english":"TuQiao","id":"54772","name":"土桥"}
{"english":"TuQiao","id":"54771","name":"土桥"}
{"english":"LianHuaErQu","id":"52592","name":"莲花二区"}
{"english":"YongXingDD M","id":"53442","name":"永兴大道中"}
{"english":"YongXingDD M","id":"53443","name":"永兴大道中"}
{"english":"DongJiaoJiYi N","id":"55627","name":"东郊记忆北"}
{"english":"Food City","id":"779","name":"食品城"}
{"english":"Royal Park","id":"6409","name":"皇家公园"}
{"english":"Royal Park","id":"6408","name":"皇家公园"}
{"english":"Shamaojie W","id":"6661","name":"纱帽街西"}
{"english":"BeiMenLiJiao N","id":"24529","name":"北门立交北"}
{"english":"HongShi Park","id":"63012","name":"红石公园"}
{"english":"DongLinXiaoQu","id":"6420","name":"东林小区(终点站)"}
{"english":"HongShi Park","id":"63013","name":"红石公园"}
{"english":"WanDa GC","id":"64104","name":"万达广场"}
{"english":"WanDa GC","id":"64103","name":"万达广场"}
{"english":"DianXinLu M","id":"26940","name":"电信路中"}
{"english":"JiaLinLu","id":"23672","name":"佳林路"}
{"english":"JiaLinLu","id":"23673","name":"佳林路"}
{"english":"DianXinLu M","id":"26941","name":"电信路中"}
{"english":"XiaoJiaDaYuan","id":"55871","name":"肖家大院"}
{"english":"XiaoJiaDaYuan","id":"55870","name":"肖家大院"}
{"english":"City Park","id":"54545","name":"城市公园"}
{"english":"Ke Bei Lu","id":"2059","name":"科北路"}
{"english":"City Park","id":"54544","name":"城市公园"}
{"english":"Ke Bei Lu","id":"2058","name":"科北路(始发站)"}
{"english":"Peace Bridge","id":"787","name":"平桥"}
{"english":"YingLongLu M","id":"55632","name":"迎隆路中"}
{"english":"YingLongLu M","id":"55631","name":"迎隆路中"}
{"english":"TianHe GJZ","id":"53459","name":"天河公交站"}
{"english":"QingHeLu","id":"6655","name":"清河路"}
{"english":"XiongMaoDD M","id":"54789","name":"熊猫大道中"}
{"english":"Bai Hua Lu E","id":"6899","name":"百花路东"}
{"english":"NanHuaDaDao ","id":"7504","name":"南华大道"}
{"english":"HuaBoLu","id":"24737","name":"花博路"}
{"english":"Ke Bei Lu","id":"2070","name":"科北路(终点站)"}
{"english":"PuGuang GJZ","id":"103131","name":"普光公交站(始发站)"}
{"english":"HuaBoLu","id":"24738","name":"花博路"}
{"english":"XueYuan","id":"63022","name":"学院"}
{"english":"JinCheng Square","id":"64355","name":"锦城广场"}
{"english":"DT KangHe","id":"26919","name":"地铁康河"}
{"english":"XueYuan","id":"63023","name":"学院"}
{"english":"HeJiangTing","id":"18054","name":"合江亭"}
{"english":"TianHuLu","id":"64599","name":"天湖路"}
{"english":"JinCheng Square","id":"64356","name":"锦城广场"}
{"english":"LangJiaYuan","id":"46520","name":"郎家园"}
{"english":"TianHuLu","id":"64598","name":"天湖路"}
{"english":"FengHuangLiJiaoS","id":"25820","name":"凤凰立交南"}
{"english":"HeJiangTing","id":"18053","name":"合江亭"}
{"english":"River Park","id":"2074","name":"滨河公园"}
{"english":"XiongMaoDD M","id":"54790","name":"熊猫大道中"}
{"english":"River Park","id":"2073","name":"滨河公园"}
{"english":"WuDaHuaYuan","id":"23645","name":"五大花园"}
{"english":"WuDaHuaYuan","id":"23646","name":"五大花园"}
{"english":"ZhengYangJie W","id":"55641","name":"正阳街西"}
{"english":"TianHe GJZ","id":"53460","name":"天河公交站(始发站)"}
{"english":"ChaXiZai","id":"55881","name":"茶溪寨"}
{"english":"XiongMaoDD S","id":"54550","name":"熊猫大道南"}
{"english":"ChaXiZai","id":"55880","name":"茶溪寨"}
{"english":"JiTou GJZ","id":"54798","name":"机投公交站"}
{"english":"ZhengYangJie W","id":"55642","name":"正阳街西"}
{"english":"HuaHuangLu","id":"54318","name":"花黄路"}
{"english":"JinHeKeYun","id":"21460","name":"金河客运站"}
{"english":"PuGuang GJZ","id":"103125","name":"普光公交站(终点站)"}
{"english":"GuoFengLu one","id":"6666","name":"果丰路"}
{"english":"GuoFengLu one","id":"6669","name":"果丰路"}
{"english":"ShiBaCun","id":"55409","name":"石坝村"}
{"english":"GaoXinDD Two","id":"63030","name":"高新大道二段"}
{"english":"SLDD Four W","id":"61092","name":"蜀龙大道四段西"}
{"english":"SLDD Four W","id":"61091","name":"蜀龙大道四段西"}
{"english":"JinXiuDaDao W","id":"5110","name":"锦绣大道西"}
{"english":"GaoXinDD Two","id":"63033","name":"高新大道二段"}
{"english":"JinXiuDaDao W","id":"5111","name":"锦绣大道西"}
{"english":"JiDi HYGY","id":"64366","name":"极地海洋公园"}
{"english":"KeHuaLu E","id":"6685","name":"科华路东"}
{"english":"ZhongXiangJie S","id":"6684","name":"忠祥街南"}
{"english":"YiZhouDD Four W","id":"64126","name":"益州大道四段西"}
{"english":"YiZhouDD Four W","id":"64125","name":"益州大道四段西"}
{"english":"JiDi HYGY","id":"64367","name":"极地海洋公园"}
{"english":"HuaXiDD Kou","id":"99687","name":"花溪大道口"}
{"english":"DT KangHe","id":"26920","name":"地铁康河"}
{"english":"HuaXiDD Kou","id":"99688","name":"花溪大道口"}
{"english":"LangJiaYuan","id":"46519","name":"郎家园"}
{"english":"ShiBaCun","id":"55410","name":"石坝村"}
{"english":"HuaHuangLu","id":"54320","name":"花黄路"}
{"english":"GuangYaoLu","id":"55893","name":"光耀路"}
{"english":"YongLeLiJiao E","id":"14707","name":"永乐立交东"}
{"english":"GuangYaoLu","id":"55892","name":"光耀路"}
{"english":"HuaDuDD","id":"56502","name":"花都大道"}
{"english":"HuaDuDD","id":"56503","name":"花都大道"}
{"english":"GuangYaoLu N","id":"55898","name":"光耀路北"}
{"english":"ZhengYangJie M","id":"55656","name":"正阳街中"}
{"english":"ZhengYangJie M","id":"55655","name":"正阳街中"}
{"english":"YongLeLiJiao E","id":"14708","name":"永乐立交东"}
{"english":"Hua Yuan Lu","id":"6678","name":"花园路"}
{"english":"YongSheng","id":"7527","name":"永盛(始发站)"}
{"english":"GuangYaoLu N","id":"55899","name":"光耀路北"}
{"english":"YongFeng GJZ","id":"56747","name":"永丰公交站"}
{"english":"YongSheng","id":"7528","name":"永盛"}
{"english":"XinDongLu","id":"55419","name":"新东路"}
{"english":"JinHeKeYun","id":"21446","name":"金河客运站"}
{"english":"XiDaLiJiao E","id":"62194","name":"西达立交东"}
{"english":"DiTieCaiQiao","id":"23625","name":"地铁蔡桥"}
{"english":"FengHuangLiJiaoS","id":"25803","name":"凤凰立交南"}
{"english":"JinHeKeYun","id":"21445","name":"金河客运站"}
{"english":"JinHeKeYun","id":"21444","name":"金河客运站(始发站)"}
{"english":"YiPoLuKou","id":"46501","name":"移坡路口"}
{"english":"ShaoNianGong","id":"20596","name":"少年宫"}
{"english":"LingAnLu M","id":"45898","name":"菱安路中"}
{"english":"YiPoLuKou","id":"46502","name":"移坡路口"}
{"english":"XingYiZhen","id":"7540","name":"兴义镇"}
{"english":"ShaoNianGong","id":"20595","name":"少年宫"}
{"english":"LingAnLu One","id":"45893","name":"菱安路一段"}
{"english":"Jin He Lv You Qu","id":"63045","name":"金河旅游区(终点站)"}
{"english":"ShaXiXian S","id":"45650","name":"沙西线南"}
{"english":"Jin He Park","id":"5365","name":"金河公园"}
{"english":"LingAnLu One","id":"45892","name":"菱安路一段"}
{"english":"YiPoLuKou","id":"46500","name":"移坡路口"}
{"english":"XingYiZhen","id":"7542","name":"兴义镇(始发站)"}
{"english":"Phoenix","id":"7303","name":"凤凰"}
{"english":"SM Market","id":"5124","name":"新山农贸市场"}
{"english":"Jin He Lv You Qu","id":"63049","name":"金河旅游区(始发站)"}
{"english":"ZaJiaDian","id":"54570","name":"帀家店(终点站)"}
{"english":"Shuangqiaozi N","id":"2094","name":"双桥子立交北"}
{"english":"JinHeKeYun","id":"21447","name":"金河客运站(始发站)"}
{"english":"DiTieCaiQiao","id":"23624","name":"地铁蔡桥"}
{"english":"XinDongLu","id":"55420","name":"新东路"}
{"english":"HuaDuDD","id":"56512","name":"花都大道"}
{"english":"ZaJiaDian","id":"54572","name":"帀家店(始发站)"}
{"english":"TianHeZhongXue","id":"55667","name":"天河中学"}
{"english":"Jin He Park","id":"5358","name":"金河公园"}
{"english":"XingMaoLu","id":"102017","name":"兴贸路"}
{"english":"XCDD M","id":"54338","name":"香城大道中"}
{"english":"XingMaoLu","id":"102016","name":"兴贸路"}
{"english":"XCDD M","id":"54337","name":"香城大道中"}
{"english":"TianHeZhongXue","id":"55668","name":"天河中学"}
{"english":"XiDaLiJiao E","id":"62193","name":"西达立交东"}
{"english":"XingYiZhen","id":"7550","name":"兴义镇(终点站)"}
{"english":"YongJiangLu N","id":"63055","name":"涌江路北"}
{"english":"XiDaLiJiao S","id":"64388","name":"西达立交南"}
{"english":"Toyshop","id":"5135","name":"玩具城"}
{"english":"XiDaLiJiao S","id":"64389","name":"西达立交南"}
{"english":"ShunJiangLu N","id":"18040","name":"顺江路北"}
{"english":"ShunJiangLu N","id":"18041","name":"顺江路北"}
{"english":"JinHeKeYun","id":"21459","name":"金河客运站(始发站)"}
{"english":"ShaXiXian S","id":"45649","name":"沙西线南"}
{"english":"KeHuaCun","id":"55432","name":"科华村"}
{"english":"TianXingCun","id":"54585","name":"天星村"}
{"english":"KeHuaCun","id":"55431","name":"科华村"}
{"english":"TianHe GJZ","id":"53254","name":"天河公交站(终点站)"}
{"english":"ZhengYangJie E","id":"55673","name":"正阳街东"}
{"english":"ZhengYangJie E","id":"55671","name":"正阳街东"}
{"english":"GuangFuCun","id":"54588","name":"广福村"}
{"english":"TianHe GJZ","id":"53258","name":"天河公交站(终点站)"}
{"english":"TianHe GJZ","id":"53255","name":"天河公交站"}
{"english":"GuangFuCun","id":"54587","name":"广福村"}
{"english":"TianXingCun","id":"54586","name":"天星村"}
{"english":"Phoenix","id":"7304","name":"凤凰"}
{"english":"TianHe GJZ","id":"53259","name":"天河公交站(终点站)"}
{"english":"GaoJiaoNian","id":"55438","name":"高脚碾"}
{"english":"GaoJiaoNian","id":"55437","name":"高脚碾"}
{"english":"PuGuangKuaiTie","id":"104207","name":"普光快铁"}
{"english":"HuaShuDaDao","id":"14690","name":"华蜀大道"}
{"english":"Jin He Park","id":"98726","name":"金河公园"}
{"english":"Toyshop","id":"5142","name":"玩具城"}
{"english":"GongPing N","id":"61440","name":"公坪北"}
{"english":"Yu Fu Lu Bei","id":"4057","name":"鱼凫路北"}
{"english":"Yu Fu Lu Bei","id":"4058","name":"鱼凫路北"}
{"english":"FangChiChaLou","id":"62778","name":"方池茶楼"}
{"english":"FangChiChaLou","id":"62779","name":"方池茶楼"}
{"english":"LiuLiLiJiao S","id":"27760","name":"琉璃立交南"}
{"english":"LiuLiLiJiao S","id":"27761","name":"琉璃立交南"}
{"english":"Food City","id":"14214","name":"食品城"}
{"english":"Willow River N","id":"7316","name":"杨柳河北"}
{"english":"XiangHe GYY","id":"53822","name":"祥和工艺园"}
{"english":"Willow River N","id":"7317","name":"杨柳河北"}
{"english":"XiangHe GYY","id":"53821","name":"祥和工艺园"}
{"english":"WangJingCun","id":"52738","name":"望京村"}
{"english":"Jinfeilu One","id":"15547","name":"金飞路一段"}
{"english":"WangJingCun","id":"52739","name":"望京村"}
{"english":"LuDao Lu","id":"5396","name":"鹭岛路"}
{"english":"Hangtianlijiao S","id":"5155","name":"航天立交南"}
{"english":"NanJiao Park","id":"26687","name":"南郊公园"}
{"english":"DT JinHua","id":"62543","name":"地铁金花"}
{"english":"GongPing S","id":"61454","name":"公坪南"}
{"english":"NanJiao Park","id":"26686","name":"南郊公园"}
{"english":"DT JinHua","id":"62544","name":"地铁金花"}
{"english":"GongPing S","id":"61455","name":"公坪南"}
{"english":"JinCheng Square","id":"58289","name":"锦城广场"}
{"english":"GuangHuaCun","id":"25596","name":"光华村"}
{"english":"GuangHuaCun","id":"25595","name":"光华村"}
{"english":"Hangtianlijiao S","id":"5149","name":"航天立交南"}
{"english":"QingAn GJZ","id":"17737","name":"庆安公交站(终点站)"}
{"english":"LanTianLiJiao N","id":"7329","name":"蓝天立交北"}
{"english":"LanTianLiJiao N","id":"7328","name":"蓝天立交北"}
{"english":"SanLiPing GJZ","id":"97417","name":"三里坪公交站"}
{"english":"LanTianLiJiao S","id":"7343","name":"蓝天立交南"}
{"english":"LanTianLiJiao S","id":"7342","name":"蓝天立交南"}
{"english":"JinCheng Square","id":"58290","name":"锦城广场"}
{"english":"LiaoYuan","id":"16851","name":"燎原(终点站)"}
{"english":"Wan An Lu W","id":"5167","name":"万安路西"}
{"english":"Wan An Lu W","id":"5168","name":"万安路西"}
{"english":"QingAn GJZ","id":"62794","name":"庆安公交站(终点站)"}
{"english":"DongLinXiaoQu","id":"64737","name":"东林小区(始发站)"}
{"english":"XinXing GYY","id":"62319","name":"新兴工业园(始发站)"}
{"english":"TaiAnLu W","id":"41808","name":"泰安路西"}
{"english":"DongShaLu","id":"61229","name":"东沙路"}
{"english":"TaiAnLu W","id":"41807","name":"泰安路西"}
{"english":"DongShaLu","id":"61228","name":"东沙路"}
{"english":"ErXianQiao","id":"59148","name":"二仙桥"}
{"english":"WenHuaGong","id":"17708","name":"文化宫"}
{"english":"HuaTongLu","id":"52752","name":"华通路"}
{"english":"WenHuaGong","id":"17709","name":"文化宫"}
{"english":"ErXianQiao","id":"59149","name":"二仙桥"}
{"english":"JiuRuCun","id":"46264","name":"九茹村"}
{"english":"HuaTongLu","id":"52753","name":"华通路"}
{"english":"LiaoYuan","id":"16852","name":"燎原"}
{"english":"JiuRuCun","id":"46263","name":"九茹村"}
{"english":"Peace Bridge","id":"98730","name":"平桥"}
{"english":"Phoenix Kou","id":"28845","name":"凤凰路口"}
{"english":"Phoenix Kou","id":"28842","name":"凤凰路口"}
{"english":"FengHuangLiJiaoW","id":"25578","name":"凤凰立交西"}
{"english":"YuLinLu W","id":"61478","name":"玉林路西"}
{"english":"FengHuangLiJiaoW","id":"25577","name":"凤凰立交西"}
{"english":"YuLinLu W","id":"61479","name":"玉林路西"}
{"english":"Guo Feng","id":"28848","name":"果丰"}
{"english":"HuaMingLiJiao W","id":"64508","name":"花明立交西"}
{"english":"Guo Feng","id":"28847","name":"果丰"}
{"english":"ChenJiaDian","id":"59159","name":"陈家店"}
{"english":"HuaShenLu","id":"26663","name":"花神路"}
{"english":"HuaShenLu","id":"26662","name":"花神路"}
{"english":"DaTun E","id":"52766","name":"大屯东"}
{"english":"DaTun E","id":"52767","name":"大屯东"}
{"english":"HuaShuDaDao","id":"14689","name":"华蜀大道"}
{"english":"SanLiPing GJZ","id":"97439","name":"三里坪公交站(终点站)"}
{"english":"ChenJiaDian","id":"59160","name":"陈家店"}
{"english":"PuGuangKuaiTie","id":"104184","name":"普光快铁"}
{"english":"Bai Hua Lu W","id":"7367","name":"百花路西"}
{"english":"Trade City","id":"7369","name":"商贸城"}
{"english":"Bai Hua Lu W","id":"7368","name":"百花路西"}
{"english":"JiaoDaLu S","id":"25785","name":"交大路南"}
{"english":"XiDaLiJiao N","id":"64757","name":"西达立交北"}
{"english":"JiaoDaLu S","id":"25786","name":"交大路南"}
{"english":"JinHeNan","id":"59162","name":"金河南站公交站(下客点)"}
{"english":"Wan An Lu E","id":"5181","name":"万安路东"}
{"english":"XiDaLiJiao N","id":"64758","name":"西达立交北"}
{"english":"Wan An Lu E","id":"5183","name":"万安路东"}
{"english":"HuaMingLiJiao W","id":"64509","name":"花明立交西"}
{"english":"HaiLinLu W","id":"54952","name":"海林路西"}
{"english":"HaiLinLu W","id":"54951","name":"海林路西"}
{"english":"FXDD Two N","id":"46000","name":"凤溪大道二段北"}
{"english":"DaTun W","id":"52777","name":"大屯西"}
{"english":"Bei KeZhan","id":"55802","name":"北客站"}
{"english":"XiJiang GC","id":"46240","name":"西江广场"}
{"english":"DaTun W","id":"52776","name":"大屯西"}
{"english":"Shuangqiaozi N","id":"14417","name":"双桥子立交北"}
{"english":"HaiLinLu M","id":"54958","name":"海林路中"}
{"english":"HaiLinLu M","id":"54957","name":"海林路中"}
{"english":"XiJiang GC","id":"46239","name":"西江广场"}
{"english":"Wan An Lu","id":"5197","name":"万安路"}
{"english":"JiuHanLu","id":"98756","name":"酒酣路"}
{"english":"FuXingLu M","id":"46477","name":"复兴路中"}
{"english":"JiuHanLu","id":"98755","name":"酒酣路"}
{"english":"YiZhouDD Two E","id":"63673","name":"益州大道二段东"}
{"english":"SanLiPing GJZ","id":"97424","name":"三里坪公交站(始发站)"}
{"english":"FuXingLu M","id":"46478","name":"复兴路中"}
{"english":"YiZhouDD Two E","id":"63674","name":"益州大道二段东"}
{"english":"HuaMingLiJiao S","id":"27733","name":"花明立交南"}
{"english":"GanZiLu E","id":"64524","name":"柑梓路东"}
{"english":"LiuLiLiJiao N","id":"23133","name":"琉璃立交北"}
{"english":"LiuLiLiJiao N","id":"23134","name":"琉璃立交北"}
{"english":"HuaMing GJZ","id":"62105","name":"花明公交站(始发站)"}
{"english":"HuaMingLiJiao S","id":"27732","name":"花明立交南"}
{"english":"GanZiLu E","id":"64525","name":"柑梓路东"}
{"english":"HuaMing GJZ","id":"62106","name":"花明公交站(始发站)"}
{"english":"Trade City","id":"7370","name":"商贸城"}
{"english":"HuaMing GJZ","id":"62107","name":"花明公交站(始发站)"}
{"english":"YongFeng GJZ","id":"62349","name":"永丰公交站"}
{"english":"HuaMing GJZ","id":"62108","name":"花明公交站(始发站)"}
{"english":"HuaMing GJZ","id":"62109","name":"花明公交站(始发站)"}
{"english":"LanTianLiJiao W","id":"26649","name":"蓝天立交西"}
{"english":"LanTianLiJiao W","id":"26648","name":"蓝天立交西"}
{"english":"DongYuanLu","id":"17939","name":"东源路(始发站)"}
{"english":"Xuefulu","id":"14423","name":"学府路"}
{"english":"Xuefulu","id":"14424","name":"学府路"}
{"english":"XiongMaoDD S","id":"54723","name":"熊猫大道南"}
{"english":"DongYuanLu","id":"17936","name":"东源路(终点站)"}
{"english":"FXDD Four N","id":"46230","name":"凤溪大道四段北"}
{"english":"FengQingJie","id":"56900","name":"风情街"}
{"english":"FengQingJie","id":"56901","name":"风情街"}
{"english":"Shuangqing one","id":"14667","name":"双清路一段"}
{"english":"Shuangqing one","id":"14668","name":"双清路一段"}
{"english":"FXDD NanShuiLu","id":"46228","name":"凤溪大道南水路"}
{"english":"Global Center","id":"98309","name":"环球中心(终点站)"}
{"english":"FXDD Four N","id":"46229","name":"凤溪大道四段北"}
{"english":"Huo Che Zhan","id":"7384","name":"火车西站公交站(终点站)"}
{"english":"Global Center","id":"98308","name":"环球中心(终点站)"}
{"english":"WanNianChang","id":"64771","name":"万年场"}
{"english":"YongFeng GJZ","id":"62350","name":"永丰公交站"}
{"english":"FXDD NanShuiLu","id":"46227","name":"凤溪大道南水路"}
{"english":"Huo Che Zhan","id":"7386","name":"火车西站公交站(始发站)"}
{"english":"WanNianChang","id":"64770","name":"万年场"}
{"english":"Global Center","id":"98305","name":"环球中心(终点站)"}
{"english":"Global Center","id":"98307","name":"环球中心(终点站)"}
{"english":"Global Center","id":"98306","name":"环球中心(终点站)"}
{"english":"FengXiDaDao M","id":"24674","name":"凤溪大道中"}
{"english":"GanZiLu","id":"64535","name":"柑梓路"}
{"english":"ShuangHuiLiJiao N","id":"22011","name":"双辉立交北"}
{"english":"Hangtianlijiao N","id":"23584","name":"航天立交北"}
{"english":"JinHeDaDaoE","id":"98784","name":"地铁金河大道东"}
{"english":"GanZiLu","id":"64534","name":"柑梓路"}
{"english":"Hangtianlijiao N","id":"23585","name":"航天立交北"}
{"english":"Shuangqiaozi E","id":"27940","name":"双桥子立交东"}
{"english":"ShuangHuiLiJiao N","id":"22013","name":"双辉立交北"}
{"english":"HuaMing GJZ","id":"62116","name":"花明公交站(终点站)"}
{"english":"HuaMing GJZ","id":"62117","name":"花明公交站(终点站)"}
{"english":"HuaMing GJZ","id":"62118","name":"花明公交站(终点站)"}
{"english":"HuaMing GJZ","id":"62119","name":"花明公交站(终点站)"}
{"english":"ErShuiChang","id":"99630","name":"二水厂"}
{"english":"JinHeDaDaoE","id":"98783","name":"地铁金河大道东"}
{"english":"XiaoNanLu","id":"56910","name":"小南路"}
{"english":"DaXueCheng W","id":"53400","name":"大学城西"}
{"english":"Zengjiapo","id":"52795","name":"曾家坡"}
{"english":"DaXueCheng W","id":"53401","name":"大学城西"}
{"english":"FengXiDaDao M","id":"24672","name":"凤溪大道中"}
{"english":"HaiLinLu E","id":"54972","name":"海林路东"}
{"english":"Zengjiapo","id":"52794","name":"曾家坡"}
{"english":"HaiLinLu E","id":"54971","name":"海林路东"}
{"english":"XiaoNanLu","id":"56911","name":"小南路"}
{"english":"DaKeCun","id":"46217","name":"达客村"}
{"english":"DaKeCun","id":"46218","name":"达客村"}
{"english":"FXDD Four S","id":"46215","name":"凤溪大道四段南"}
{"english":"Shuangqiaozi ","id":"7398","name":"双桥子"}
{"english":"YongLing BWG","id":"64782","name":"永陵博物馆"}
{"english":"FXDD Four S","id":"46216","name":"凤溪大道四段南"}
{"english":"HuaMing GJZ","id":"62120","name":"花明公交站(终点站)"}
{"english":"SiHe","id":"14881","name":"地铁四河(终点站)"}
{"english":"Shuangqiaozi ","id":"7399","name":"双桥子"}
{"english":"Zoo GJZ","id":"98777","name":"动物园公交站(终点站)"}
{"english":"YongLing BWG","id":"64783","name":"永陵博物馆"}
{"english":"XiYuan","id":"63213","name":"西苑"}
{"english":"SiHe","id":"14880","name":"地铁四河(始发站)"}
{"english":"HuaMingLiJiao N","id":"27711","name":"花明立交北"}
{"english":"XiYuan","id":"63214","name":"西苑"}
{"english":"HuaMuShiChang","id":"62368","name":"花木市场"}
{"english":"HuaMingLiJiao N","id":"27712","name":"花明立交北"}
{"english":"HuaMuShiChang","id":"62369","name":"花木市场"}
{"english":"GanZiLu W","id":"64548","name":"柑梓路西"}
{"english":"WuQingQiao","id":"23114","name":"武青桥"}
{"english":"WuQingQiao","id":"23115","name":"武青桥"}
{"english":"GanZiLu W","id":"64549","name":"柑梓路西"}
{"english":"SanLiPing GJZ","id":"97441","name":"三里坪公交站(终点站)"}
{"english":"SanLiPing GJZ","id":"97440","name":"三里坪公交站(终点站)"}
{"english":"JinNiuLiJiao N","id":"23351","name":"金牛立交北"}
{"english":"ShiJiCheng","id":"60188","name":"世纪城"}
{"english":"Shuangqing Kou","id":"14643","name":"双清路口"}
{"english":"Shuangqing Kou","id":"14644","name":"双清路口"}
{"english":"SiYiYuan","id":"54746","name":"四医院(始发站)"}
{"english":"ShiJiCheng","id":"60186","name":"世纪城"}
{"english":"SiYiYuan","id":"54745","name":"四医院"}
{"english":"HuiZeBeiLu S","id":"56922","name":"惠泽北路南"}
{"english":"Shuangqiaozi E","id":"16825","name":"双桥子立交东"}
{"english":"HuiZeBeiLu S","id":"56923","name":"惠泽北路南"}
{"english":"DaXueCheng E","id":"53417","name":"大学城东"}
{"english":"DaXueCheng E","id":"53418","name":"大学城东"}
{"english":"AnHeYuan","id":"41673","name":"安和苑"}
{"english":"DT WanSheng","id":"59760","name":"地铁万盛"}
{"english":"DongQiao Park","id":"61840","name":"东桥公园"}
{"english":"DT WanSheng","id":"59761","name":"地铁万盛"}
{"english":"YuLinLu S","id":"61601","name":"玉林路南"}
{"english":"Xuefulu W","id":"44944","name":"学府路西"}
{"english":"TianHe GJZ","id":"54074","name":"天河公交站(终点站)"}
{"english":"YuLinLu S","id":"61602","name":"玉林路南"}
{"english":"Xuefulu W","id":"44943","name":"学府路西"}
{"english":"TianHe GJZ","id":"54073","name":"天河公交站(终点站)"}
{"english":"ShuangLinLu M","id":"55162","name":"双林路中"}
{"english":"ShuangLinLu M","id":"55161","name":"双林路中"}
{"english":"FengHuangLiJiaoE","id":"26272","name":"凤凰立交东"}
{"english":"Health Center","id":"27120","name":"大同镇卫生院"}
{"english":"BuLuMingDun","id":"62927","name":"布鲁明顿"}
{"english":"BuLuMingDun","id":"62928","name":"布鲁明顿"}
{"english":"FengHuangLiJiaoE","id":"26273","name":"凤凰立交东"}
{"english":"DongQiao Park","id":"61839","name":"东桥公园"}
{"english":"TianShunLu N","id":"59521","name":"天顺路北"}
{"english":"GaoXin","id":"58435","name":"高新"}
{"english":"GaoXin","id":"58434","name":"高新"}
{"english":"Gao Peng Lu","id":"2708","name":"高朋路(始发站)"}
{"english":"BeiMenLiJiao W","id":"16483","name":"北门立交西"}
{"english":"BeiMenLiJiao W","id":"16482","name":"北门立交西"}
{"english":"HongSe GC","id":"61854","name":"红色广场"}
{"english":"HongSe GC","id":"61855","name":"红色广场"}
{"english":"JinNiuLiJiao N","id":"62703","name":"金牛立交北"}
{"english":"TianShunLu M","id":"59537","name":"天顺路中"}
{"english":"SJLPFL LuKou","id":"25193","name":"双交路平复路路口"}
{"english":"GaoXinXQ GJZ","id":"58205","name":"高新新区公交站(始发站)"}
{"english":"GaoXinXQ GJZ","id":"58208","name":"高新新区公交站(终点站)"}
{"english":"GaoXinXQ GJZ","id":"58207","name":"高新新区公交站(终点站)"}
{"english":"GaoXinXQ GJZ","id":"58202","name":"高新新区公交站(始发站)"}
{"english":"MingTianLuKou","id":"60764","name":"明天路口"}
{"english":"GaoXinXQ GJZ","id":"58201","name":"高新新区公交站(始发站)"}
{"english":"MingTianLuKou","id":"60763","name":"明天路口"}
{"english":"YuFuXiLu M","id":"44929","name":"鱼凫西路中"}
{"english":"Shuangqiaozi W","id":"3809","name":"双桥子立交西"}
{"english":"GaoXinXQ GJZ","id":"58204","name":"高新新区公交站(始发站)"}
{"english":"TianShunLu M","id":"59534","name":"天顺路中"}
{"english":"HeHuaChi","id":"27134","name":"荷花池"}
{"english":"GaoXinXQ GJZ","id":"58203","name":"高新新区公交站(始发站)"}
{"english":"WXSC Lukou","id":"17337","name":"武兴路水厂路口"}
{"english":"GaoXinXQ GJZ","id":"58209","name":"高新新区公交站(终点站)"}
{"english":"SJLPFL LuKou","id":"25192","name":"双交路平复路路口"}
{"english":"WXSC Lukou","id":"17339","name":"武兴路水厂路口"}
{"english":"Gao Peng Lu","id":"2714","name":"高朋路(终点站)"}
{"english":"GaoXinXQ GJZ","id":"58211","name":"高新新区公交站(终点站)"}
{"english":"YuFuXiLu M","id":"44928","name":"鱼凫西路中"}
{"english":"GaoXinXQ GJZ","id":"58210","name":"高新新区公交站(终点站)"}
{"english":"ShuangLinLu W","id":"55186","name":"双林路西"}
{"english":"TianJiuJie","id":"59548","name":"天九街"}
{"english":"ShiMenSheQu","id":"60779","name":"石门社区"}
{"english":"NiuShiKou","id":"56039","name":"牛市口"}
{"english":"TianJiuJie","id":"59549","name":"天九街"}
{"english":"ShuangLinLu W","id":"55187","name":"双林路西"}
{"english":"DongLinXiaoQu","id":"62709","name":"东林小区(始发站)"}
{"english":"Shuangqiaozi W","id":"3810","name":"双桥子立交西"}
{"english":"Shuangqiaozi S","id":"2725","name":"双桥子立交南"}
{"english":"HeJiangKeYun","id":"107000","name":"合江客运"}
{"english":"YiHuaLu","id":"17792","name":"义华路"}
{"english":"QingShui","id":"20726","name":"青水"}
{"english":"YuFuXiLu S","id":"44917","name":"鱼凫西路南(终点站)"}
{"english":"QingShui","id":"20724","name":"青水"}
{"english":"NiuShiKou","id":"56040","name":"牛市口"}
{"english":"Shuangqiaozi S","id":"2734","name":"双桥子立交南"}
{"english":"GaoXinXQ GJZ","id":"58225","name":"高新新区公交站"}
{"english":"ShiMenSheQu","id":"60780","name":"石门社区"}
{"english":"Dongjinxiang","id":"97836","name":"地铁东井巷"}
{"english":"HongTai","id":"17763","name":"鸿泰"}
{"english":"Dongjinxiang","id":"97837","name":"地铁东井巷"}
{"english":"KeBeiLuKou","id":"16433","name":"科北路口"}
{"english":"XinXingZhen","id":"41631","name":"新兴镇"}
{"english":"KeBeiLuKou","id":"16432","name":"科北路口"}
{"english":"Global Center","id":"15343","name":"环球中心(始发站)"}
{"english":"XinXingZhen","id":"41630","name":"新兴镇"}
{"english":"Huo Che Zhan","id":"14497","name":"火车西站公交站(始发站)"}
{"english":"HongTai","id":"17760","name":"鸿泰"}
{"english":"Huo Che Zhan","id":"14495","name":"火车西站公交站(终点站)"}
{"english":"KeLinLu","id":"27327","name":"科林路"}
{"english":"YueJinCun","id":"61885","name":"跃进村"}
{"english":"YueJinCun","id":"61886","name":"跃进村"}
{"english":"JinKeYuan","id":"63824","name":"金科苑"}
{"english":"JinKeYuan","id":"63825","name":"金科苑"}
{"english":"KeLinLu","id":"27328","name":"科林路"}
{"english":"HuaTang SC","id":"62737","name":"华通商场"}
{"english":"Ke Bei Lu","id":"3836","name":"科北路(终点站)"}
{"english":"DongLinNanLu","id":"62728","name":"东林南路"}
{"english":"DongLinNanLu","id":"62729","name":"东林南路"}
{"english":"Ke Bei Lu","id":"3839","name":"科北路(始发站)"}
{"english":"Zengjiapo","id":"24295","name":"曾家坡公交站(终点站)"}
{"english":"SKY Club","id":"2741","name":"天空俱乐部"}
{"english":"Zengjiapo","id":"24296","name":"曾家坡公交站(终点站)"}
{"english":"ZhongJiChe LY","id":"60796","name":"中集车辆园"}
{"english":"Zengjiapo","id":"24297","name":"曾家坡公交站(终点站)"}
{"english":"ZhongJiChe LY","id":"60795","name":"中集车辆园"}
{"english":"JinHeLvYouQu","id":"59567","name":"金河旅游区"}
{"english":"Zengjiapo","id":"24298","name":"曾家坡公交站(终点站)"}
{"english":"ZhongHaiGuoJi","id":"100653","name":"中海国际(终点站)"}
{"english":"ZhongHaiGuoJi","id":"100655","name":"中海国际(始发站)"}
{"english":"Willow River N","id":"97825","name":"杨柳河北"}
{"english":"GX ChanYeYuan","id":"58480","name":"高新产业园"}
{"english":"GX ChanYeYuan","id":"58481","name":"高新产业园"}
{"english":"XingKeLu","id":"41619","name":"兴科路"}
{"english":"XingKeLu","id":"41618","name":"兴科路"}
{"english":"JK Avenue E","id":"3600","name":"JK大道东"}
{"english":"JK Avenue E","id":"3606","name":"JK大道东"}
{"english":"SKY Club","id":"2758","name":"天空俱乐部"}
{"english":"LiaoYuan","id":"17779","name":"燎原(终点站)"}
{"english":"HeJiangKeYun","id":"107036","name":"合江客运(终点站)"}
{"english":"HeJiangKeYun","id":"107035","name":"合江客运(终点站)"}
{"english":"HeJiangKeYun","id":"107034","name":"合江客运(终点站)"}
{"english":"LiaoYuan","id":"98707","name":"燎原(始发站)"}
{"english":"NanQiaoCun","id":"17742","name":"南桥村"}
{"english":"Jin He Lv You Qu","id":"17984","name":"金河旅游区(始发站)"}
{"english":"YongJiangLu N","id":"41851","name":"涌江路北"}
{"english":"GuangYaoCun","id":"25367","name":"光耀村"}
{"english":"DaYueCheng","id":"62752","name":"大悦城"}
{"english":"HuaTang SC","id":"59584","name":"华通商场"}
{"english":"DongFengLu M","id":"58252","name":"东风路中"}
{"english":"DaYueCheng","id":"62753","name":"大悦城"}
{"english":"HuaTang SC","id":"59583","name":"华通商场"}
{"english":"WanHeLuKou","id":"27789","name":"万和路口"}
{"english":"YiZhouDD Two W","id":"63601","name":"益州大道二段西"}
{"english":"YiZhouDD One W","id":"62996","name":"益州大道一段西"}
{"english":"GuangYaoCun","id":"25368","name":"光耀村"}
{"english":"YiZhouDD One W","id":"62997","name":"益州大道一段西"}
{"english":"YiZhouDD Two W","id":"63602","name":"益州大道二段西"}
{"english":"QiXingDD W","id":"56077","name":"七星大道西"}
{"english":"YiZhouDD Three","id":"63845","name":"益州大道三段"}
{"english":"YiZhouDD Three","id":"63846","name":"益州大道三段"}
{"english":"DongFengLu M","id":"58251","name":"东风路中"}
{"english":"Zengjiapo","id":"24270","name":"曾家坡(始发站)"}
{"english":"Gao Peng Lu E","id":"2766","name":"高朋路东"}
{"english":"Zengjiapo","id":"24271","name":"曾家坡(始发站)"}
{"english":"Zengjiapo","id":"24272","name":"曾家坡(始发站)"}
{"english":"Guo Cun","id":"3612","name":"郭村"}
{"english":"Zengjiapo","id":"24273","name":"曾家坡(始发站)"}
{"english":"QiXingDD W","id":"56078","name":"七星大道西"}
{"english":"GYXK LuKou","id":"25362","name":"公园星空路口"}
{"english":"GaoXinDD Four","id":"59106","name":"高新大道四段"}
{"english":"GaoXinDD Four","id":"59105","name":"高新大道四段"}
{"english":"BeiMenLiJiao S","id":"16419","name":"北门立交南"}
{"english":"NanQiaoCun","id":"17743","name":"南桥村"}
{"english":"BeiMenLiJiao S","id":"16418","name":"北门立交南"}
{"english":"Gao Peng Lu E","id":"2769","name":"高朋路东"}
{"english":"Jin He Lv You Qu","id":"17995","name":"金河旅游区(终点站)"}
{"english":"WenChangLu S","id":"62520","name":"文昌路南"}
{"english":"WenChangLu S","id":"62521","name":"文昌路南"}
{"english":"XiaoJiaGou","id":"62764","name":"肖家沟"}
{"english":"XiaoJiaGou","id":"62765","name":"肖家沟"}
{"english":"GongPing N","id":"61439","name":"公坪北"}
{"english":"Tree Road","id":"2777","name":"大树街"}
{"english":"WanHeLuKou","id":"27790","name":"万和路口"}
{"english":"XiBoCheng E","id":"60105","name":"西博城东侧"}
{"english":"DongXinDian","id":"52722","name":"东新店"}
{"english":"DongXinDian","id":"52721","name":"东新店"}